"pair_id","year","make","model","trim","side","body_type","drive_type","package","cargo_seats_up","cargo_seats_folded","cargo_behind_second_row","cargo_source","cargo_source_url","cargo_source_quote"
"25",2012,"Cadillac","Escalade","Platinum Edition","hev","SUV","four wheel drive","",16.9,108.9,,"carapi","",""
"24",2012,"Cadillac","Escalade","Platinum Edition","hev","SUV","rear wheel drive","",16.9,108.9,,"carapi","",""
"25",2012,"Cadillac","Escalade","Platinum Edition","ice","SUV","all wheel drive","",16.9,108.9,,"carapi","",""
"24",2012,"Cadillac","Escalade","Platinum Edition","ice","SUV","rear wheel drive","",16.9,108.9,,"carapi","",""
"137",2012,"GMC","Yukon","Denali","hev","SUV","four wheel drive","",16.9,108.9,,"carapi","",""
"136",2012,"GMC","Yukon","Denali","hev","SUV","rear wheel drive","",16.9,108.9,,"carapi","",""
"137",2012,"GMC","Yukon","Denali","ice","SUV","all wheel drive","",16.9,108.9,,"carapi","",""
"136",2012,"GMC","Yukon","Denali","ice","SUV","rear wheel drive","",16.9,108.9,,"carapi","",""
"246",2012,"INFINITI","Q70","M35h","hev","Sedan","rear wheel drive","",11.3,,,"carapi","",""
"246",2012,"INFINITI","Q70","M37","ice","Sedan","rear wheel drive","",14.9,,,"carapi","",""
"393",2012,"Lincoln","MKZ","Hybrid","hev","Sedan","front wheel drive","",11.8,,,"carapi","",""
"393",2012,"Lincoln","MKZ","Base","ice","Sedan","front wheel drive","",16.5,,,"carapi","",""
"447",2012,"Porsche","Cayenne","S Hybrid","hev","SUV","four wheel drive","",20.5,59.7,,"carapi","",""
"447",2012,"Porsche","Cayenne","S","ice","SUV","four wheel drive","",23.7,62.9,,"carapi","",""
"488",2012,"Toyota","Camry","LE","hev","Sedan","front wheel drive","",13.1,,,"carapi","",""
"488",2012,"Toyota","Camry","LE","ice","Sedan","front wheel drive","",15.4,,,"carapi","",""
"563",2012,"Toyota","Highlander","Limited","hev","SUV","all wheel drive","",10.3,94.1,,"carapi","",""
"563",2012,"Toyota","Highlander","Limited","ice","SUV","all wheel drive","",10.3,95.4,,"carapi","",""
"728",2012,"Volkswagen","Touareg","Hybrid","hev","SUV","all wheel drive","",32.1,64,,"carapi","",""
"728",2012,"Volkswagen","Touareg","VR6 Executive","ice","SUV","all wheel drive","",32.1,64,,"carapi","",""
"1",2013,"Acura","ILX","Hybrid","hev","Sedan","front wheel drive","Technology Package",9.8,,,"carapi","",""
"1",2013,"Acura","ILX","Technology Package","ice","Sedan","front wheel drive","",12.3,,,"carapi","",""
"11",2013,"Audi","Q5","2.0T Prestige quattro","hev","SUV","all wheel drive","",29.1,57.3,,"carapi","",""
"11",2013,"Audi","Q5","3.0T Prestige quattro","ice","SUV","all wheel drive","",29.1,57.3,,"carapi","",""
"15",2013,"BMW","3 Series","ActiveHybrid 3","hev","Sedan","rear wheel drive","",10,,,"lookup_exact","https://www.columbusceo.com/story/business/2013/08/30/auto-review-activehybrid-3-is/22868373007/","The big battery reduces luggage space from 13 cubic feet to 10."
"15",2013,"BMW","3 Series","335i","ice","Sedan","rear wheel drive","",13,,,"lookup_exact","https://www.edmunds.com/bmw/3-series/2013/sedan/st-200423475/features-specs/","Cargo capacity, all seats in place|13.0 cu.ft."
"21",2013,"BMW","7 Series","740Li","hev","Sedan","rear wheel drive","",10,,,"carapi","",""
"21",2013,"BMW","7 Series","740Li","ice","Sedan","rear wheel drive","",14,,,"lookup_exact","https://www.edmunds.com/bmw/7-series/2013/st-200429762/features-specs/","Cargo capacity, all seats in place|14.0 cu.ft."
"27",2013,"Cadillac","Escalade","Platinum Edition","hev","SUV","four wheel drive","",16.9,108.9,,"carapi","",""
"26",2013,"Cadillac","Escalade","Platinum Edition","hev","SUV","rear wheel drive","",16.9,108.9,,"carapi","",""
"27",2013,"Cadillac","Escalade","Platinum Edition","ice","SUV","all wheel drive","",16.9,108.9,,"carapi","",""
"26",2013,"Cadillac","Escalade","Platinum Edition","ice","SUV","rear wheel drive","",16.9,108.9,,"carapi","",""
"95",2013,"Ford","Fusion","SE","hev","Sedan","front wheel drive","",12,,,"carapi","",""
"96",2013,"Ford","Fusion","Titanium","hev","Sedan","front wheel drive","",12,,,"carapi","",""
"95",2013,"Ford","Fusion","SE","ice","Sedan","front wheel drive","",16,,,"carapi","",""
"96",2013,"Ford","Fusion","Titanium","ice","Sedan","front wheel drive","EcoBoost",16,,,"carapi","",""
"139",2013,"GMC","Yukon","Denali","hev","SUV","four wheel drive","",16.9,108.9,,"carapi","",""
"138",2013,"GMC","Yukon","Denali","hev","SUV","rear wheel drive","",16.9,108.9,,"carapi","",""
"139",2013,"GMC","Yukon","Denali","ice","SUV","all wheel drive","",16.9,108.9,,"carapi","",""
"138",2013,"GMC","Yukon","Denali","ice","SUV","rear wheel drive","",16.9,108.9,,"carapi","",""
"247",2013,"INFINITI","Q70","M35h","hev","Sedan","rear wheel drive","",11.3,,,"carapi","",""
"247",2013,"INFINITI","Q70","M37","ice","Sedan","rear wheel drive","",14.9,,,"carapi","",""
"289",2013,"Lexus","ES","Base","hev","Sedan","front wheel drive","",12.1,,,"carapi","",""
"289",2013,"Lexus","ES","Base","ice","Sedan","front wheel drive","",15.2,,,"carapi","",""
"394",2013,"Lincoln","MKZ","Hybrid","hev","Sedan","front wheel drive","",11.6,,,"carapi","",""
"394",2013,"Lincoln","MKZ","Base","ice","Sedan","front wheel drive","EcoBoost",15.4,,,"carapi","",""
"424",2013,"Mercedes-Benz","E-Class","E400 Hybrid","hev","Sedan","rear wheel drive","",15.9,,,"lookup_exact","https://www.edmunds.com/mercedes-benz/e-class/2013/st-101419254/features-specs/","Cargo capacity, all seats in place|15.9 cu.ft."
"424",2013,"Mercedes-Benz","E-Class","E350 Sport","ice","Sedan","rear wheel drive","",15.9,,,"lookup_exact","https://www.edmunds.com/mercedes-benz/e-class/2013/st-200431613/features-specs/","Cargo capacity, all seats in place|15.9 cu.ft."
"448",2013,"Porsche","Cayenne","S Hybrid","hev","SUV","all wheel drive","",20.5,59.7,,"carapi","",""
"448",2013,"Porsche","Cayenne","S","ice","SUV","all wheel drive","",23.7,62.9,,"carapi","",""
"462",2013,"Toyota","Avalon","Limited","hev","Sedan","front wheel drive","",14,,,"carapi","",""
"460",2013,"Toyota","Avalon","XLE Premium","hev","Sedan","front wheel drive","",14,,,"carapi","",""
"461",2013,"Toyota","Avalon","XLE Touring","hev","Sedan","front wheel drive","",14,,,"carapi","",""
"462",2013,"Toyota","Avalon","Limited","ice","Sedan","front wheel drive","",16,,,"carapi","",""
"460",2013,"Toyota","Avalon","XLE Premium","ice","Sedan","front wheel drive","",16,,,"carapi","",""
"461",2013,"Toyota","Avalon","XLE Touring","ice","Sedan","front wheel drive","",16,,,"carapi","",""
"491",2013,"Toyota","Camry","LE","hev","Sedan","front wheel drive","",13.1,,,"carapi","",""
"491",2013,"Toyota","Camry","LE","ice","Sedan","front wheel drive","",15.4,,,"carapi","",""
"564",2013,"Toyota","Highlander","Limited","hev","SUV","all wheel drive","",10.3,94.1,,"carapi","",""
"564",2013,"Toyota","Highlander","Limited","ice","SUV","all wheel drive","",10.3,95.4,,"carapi","",""
"726",2013,"Volkswagen","Jetta","SEL","hev","Sedan","front wheel drive","",11.3,,,"carapi","",""
"726",2013,"Volkswagen","Jetta","SEL","ice","Sedan","front wheel drive","Navigation",15.5,,,"carapi","",""
"729",2013,"Volkswagen","Touareg","Hybrid","hev","SUV","all wheel drive","",32.1,64,,"carapi","",""
"729",2013,"Volkswagen","Touareg","VR6 Executive","ice","SUV","all wheel drive","",32.1,64,,"carapi","",""
"2",2014,"Acura","ILX","Technology Package","hev","Sedan","front wheel drive","",10,,,"carapi","",""
"2",2014,"Acura","ILX","Technology Package","ice","Sedan","front wheel drive","",12.3,,,"carapi","",""
"12",2014,"Audi","Q5","2.0T Prestige quattro","hev","SUV","all wheel drive","",29.1,57.3,,"carapi","",""
"12",2014,"Audi","Q5","3.0T Prestige quattro","ice","SUV","all wheel drive","",29.1,57.3,,"carapi","",""
"16",2014,"BMW","3 Series","ActiveHybrid 3","hev","Sedan","rear wheel drive","",10,,,"lookup_exact","https://www.caranddriver.com/bmw/3-series/specs/2014/bmw_3-series_bmw-activehybrid-3_2014","Trunk Space (cubic feet) 10"
"16",2014,"BMW","3 Series","335i","ice","Sedan","rear wheel drive","",13,,,"lookup_exact","https://www.edmunds.com/bmw/3-series/2014/sedan/st-200489831/features-specs/","Cargo Capacity|13.0 cu.ft."
"18",2014,"BMW","5 Series","ActiveHybrid 5","hev","Sedan","rear wheel drive","",10,,,"carapi","",""
"18",2014,"BMW","5 Series","535i","ice","Sedan","rear wheel drive","",14,,,"lookup_exact","https://www.edmunds.com/bmw/5-series/2014/sedan/st-200493206/features-specs/","Cargo capacity, all seats in place|14.0 cu.ft."
"22",2014,"BMW","7 Series","740Li","hev","Sedan","rear wheel drive","",10,,,"carapi","",""
"22",2014,"BMW","7 Series","740Li","ice","Sedan","rear wheel drive","",14,,,"lookup_shared","https://www.edmunds.com/bmw/7-series/2014/review/","The 7's trunk measures 14 cubic feet"
"99",2014,"Ford","Fusion","S","hev","Sedan","front wheel drive","",12,,,"carapi","",""
"97",2014,"Ford","Fusion","SE","hev","Sedan","front wheel drive","",12,,,"carapi","",""
"98",2014,"Ford","Fusion","Titanium","hev","Sedan","front wheel drive","",12,,,"carapi","",""
"99",2014,"Ford","Fusion","S","ice","Sedan","front wheel drive","",16,,,"carapi","",""
"97",2014,"Ford","Fusion","SE","ice","Sedan","front wheel drive","",16,,,"carapi","",""
"98",2014,"Ford","Fusion","Titanium","ice","Sedan","front wheel drive","EcoBoost",16,,,"carapi","",""
"140",2014,"Honda","Accord","EX-L","hev","Sedan","front wheel drive","",12.3,,,"carapi","",""
"141",2014,"Honda","Accord","Touring","hev","Sedan","front wheel drive","",12.3,,,"carapi","",""
"140",2014,"Honda","Accord","EX-L","ice","Sedan","front wheel drive","",15.5,,,"carapi","",""
"141",2014,"Honda","Accord","Touring V-6","ice","Sedan","front wheel drive","",15.5,,,"carapi","",""
"239",2014,"INFINITI","Q50","Hybrid Premium","hev","Sedan","all wheel drive","",9.4,,,"lookup_shared","https://usa.infinitinews.com/en-US/releases/us-2014-infiniti-q50-press-kit","Effective luggage space is among the best in the segment at 13.5 cubic feet with the 3.7-liter V6 and 9.4 cubic feet with the hybrid powertrain."
"238",2014,"INFINITI","Q50","Hybrid Premium","hev","Sedan","rear wheel drive","",9.4,,,"lookup_shared","https://usa.infinitinews.com/en-US/releases/us-2014-infiniti-q50-press-kit","Effective luggage space is among the best in the segment at 13.5 cubic feet with the 3.7-liter V6 and 9.4 cubic feet with the hybrid powertrain."
"241",2014,"INFINITI","Q50","Hybrid Sport","hev","Sedan","all wheel drive","",9.4,,,"lookup_shared","https://usa.infinitinews.com/en-US/releases/us-2014-infiniti-q50-press-kit","Effective luggage space is among the best in the segment at 13.5 cubic feet with the 3.7-liter V6 and 9.4 cubic feet with the hybrid powertrain."
"240",2014,"INFINITI","Q50","Hybrid Sport","hev","Sedan","rear wheel drive","",9.4,,,"lookup_shared","https://usa.infinitinews.com/en-US/releases/us-2014-infiniti-q50-press-kit","Effective luggage space is among the best in the segment at 13.5 cubic feet with the 3.7-liter V6 and 9.4 cubic feet with the hybrid powertrain."
"239",2014,"INFINITI","Q50","Premium","ice","Sedan","all wheel drive","",13.5,,,"lookup_shared","https://usa.infinitinews.com/en-US/releases/us-2014-infiniti-q50-press-kit","Effective luggage space is among the best in the segment at 13.5 cubic feet with the 3.7-liter V6 and 9.4 cubic feet with the hybrid powertrain."
"238",2014,"INFINITI","Q50","Premium","ice","Sedan","rear wheel drive","",13.5,,,"lookup_shared","https://usa.infinitinews.com/en-US/releases/us-2014-infiniti-q50-press-kit","Effective luggage space is among the best in the segment at 13.5 cubic feet with the 3.7-liter V6 and 9.4 cubic feet with the hybrid powertrain."
"241",2014,"INFINITI","Q50","Sport","ice","Sedan","all wheel drive","",13.5,,,"lookup_shared","https://usa.infinitinews.com/en-US/releases/us-2014-infiniti-q50-press-kit","Effective luggage space is among the best in the segment at 13.5 cubic feet with the 3.7-liter V6 and 9.4 cubic feet with the hybrid powertrain."
"240",2014,"INFINITI","Q50","Sport","ice","Sedan","rear wheel drive","",13.5,,,"lookup_shared","https://usa.infinitinews.com/en-US/releases/us-2014-infiniti-q50-press-kit","Effective luggage space is among the best in the segment at 13.5 cubic feet with the 3.7-liter V6 and 9.4 cubic feet with the hybrid powertrain."
"248",2014,"INFINITI","Q70","Hybrid","hev","Sedan","rear wheel drive","",11.3,,,"carapi","",""
"248",2014,"INFINITI","Q70","Base","ice","Sedan","rear wheel drive","",14.9,,,"carapi","",""
"254",2014,"INFINITI","QX60","Hybrid","hev","SUV","all wheel drive","",15.8,76.5,40.8,"carapi+lookup_shared","https://www.caranddriver.com/infiniti/qx60/specs/2014/infiniti_qx60_infiniti-qx60_2014","Cargo Space/Area Behind Third Row (cubic feet) 15.8; Behind Second Row 40.8; Behind Front Row 76.5"
"253",2014,"INFINITI","QX60","Hybrid","hev","SUV","front wheel drive","",15.8,76.5,40.8,"carapi+lookup_shared","https://www.caranddriver.com/infiniti/qx60/specs/2014/infiniti_qx60_infiniti-qx60_2014","Cargo Space/Area Behind Third Row (cubic feet) 15.8; Behind Second Row 40.8; Behind Front Row 76.5"
"254",2014,"INFINITI","QX60","Base","ice","SUV","all wheel drive","",15.8,76.5,40.8,"carapi+lookup_shared","https://www.caranddriver.com/infiniti/qx60/specs/2014/infiniti_qx60_infiniti-qx60_2014","Cargo Space/Area Behind Third Row (cubic feet) 15.8; Behind Second Row 40.8; Behind Front Row 76.5"
"253",2014,"INFINITI","QX60","Base","ice","SUV","front wheel drive","",15.8,76.5,40.8,"carapi+lookup_shared","https://www.caranddriver.com/infiniti/qx60/specs/2014/infiniti_qx60_infiniti-qx60_2014","Cargo Space/Area Behind Third Row (cubic feet) 15.8; Behind Second Row 40.8; Behind Front Row 76.5"
"290",2014,"Lexus","ES","Base","hev","Sedan","front wheel drive","",12.1,,,"carapi","",""
"290",2014,"Lexus","ES","Base","ice","Sedan","front wheel drive","",15.2,,,"carapi","",""
"395",2014,"Lincoln","MKZ","Hybrid","hev","Sedan","front wheel drive","",11.1,,,"carapi","",""
"395",2014,"Lincoln","MKZ","Base","ice","Sedan","front wheel drive","EcoBoost",15.4,,,"carapi","",""
"425",2014,"Mercedes-Benz","E-Class","E400 Sport Hybrid","hev","Sedan","rear wheel drive","",15.9,,,"lookup_shared","https://www.edmunds.com/mercedes-benz/e-class/2014/review/","Notably, the E400 Hybrid sedan has the same trunk capacity as any other E-Class sedan"
"425",2014,"Mercedes-Benz","E-Class","E350 Sport","ice","Sedan","rear wheel drive","",15.9,,,"lookup_shared","https://www.edmunds.com/mercedes-benz/e-class/2014/review/","The sedan's trunk measures an average-plus 15.9 cubic feet"
"432",2014,"Nissan","Pathfinder","Platinum Hybrid","hev","SUV","four wheel drive","",16,79.8,,"carapi","",""
"436",2014,"Nissan","Pathfinder","Platinum Hybrid","hev","SUV","front wheel drive","",16,79.8,,"carapi","",""
"435",2014,"Nissan","Pathfinder","SL Hybrid","hev","SUV","four wheel drive","",16,79.8,,"carapi","",""
"433",2014,"Nissan","Pathfinder","SL Hybrid","hev","SUV","front wheel drive","",16,79.8,,"carapi","",""
"431",2014,"Nissan","Pathfinder","SV Hybrid","hev","SUV","four wheel drive","",16,79.8,,"carapi","",""
"434",2014,"Nissan","Pathfinder","SV Hybrid","hev","SUV","front wheel drive","",16,79.8,,"carapi","",""
"432",2014,"Nissan","Pathfinder","Platinum","ice","SUV","four wheel drive","",16,79.8,,"carapi","",""
"436",2014,"Nissan","Pathfinder","Platinum","ice","SUV","front wheel drive","",16,79.8,,"carapi","",""
"435",2014,"Nissan","Pathfinder","SL","ice","SUV","four wheel drive","",16,79.8,,"carapi","",""
"433",2014,"Nissan","Pathfinder","SL","ice","SUV","front wheel drive","",16,79.8,,"carapi","",""
"431",2014,"Nissan","Pathfinder","SV","ice","SUV","four wheel drive","",16,79.8,,"carapi","",""
"434",2014,"Nissan","Pathfinder","SV","ice","SUV","front wheel drive","",16,79.8,,"carapi","",""
"449",2014,"Porsche","Cayenne","S Hybrid","hev","SUV","all wheel drive","",20.5,59.7,,"carapi","",""
"449",2014,"Porsche","Cayenne","S","ice","SUV","all wheel drive","",23.7,62.9,,"carapi","",""
"465",2014,"Toyota","Avalon","Limited","hev","Sedan","front wheel drive","",14,,,"carapi","",""
"463",2014,"Toyota","Avalon","XLE Premium","hev","Sedan","front wheel drive","",14,,,"carapi","",""
"464",2014,"Toyota","Avalon","XLE Touring","hev","Sedan","front wheel drive","",14,,,"carapi","",""
"465",2014,"Toyota","Avalon","Limited","ice","Sedan","front wheel drive","",16,,,"carapi","",""
"463",2014,"Toyota","Avalon","XLE Premium","ice","Sedan","front wheel drive","",16,,,"carapi","",""
"464",2014,"Toyota","Avalon","XLE Touring","ice","Sedan","front wheel drive","",16,,,"carapi","",""
"492",2014,"Toyota","Camry","LE","hev","Sedan","front wheel drive","",13.1,,,"carapi","",""
"492",2014,"Toyota","Camry","LE","ice","Sedan","front wheel drive","",15.4,,,"carapi","",""
"566",2014,"Toyota","Highlander","Limited","hev","SUV","all wheel drive","",13.8,83.2,,"carapi","",""
"565",2014,"Toyota","Highlander","Limited Platinum","hev","SUV","all wheel drive","",13.6,83.2,,"carapi","",""
"566",2014,"Toyota","Highlander","Limited","ice","SUV","all wheel drive","",13.8,83.2,,"carapi","",""
"565",2014,"Toyota","Highlander","Limited Platinum","ice","SUV","all wheel drive","",13.6,83.2,,"carapi","",""
"727",2014,"Volkswagen","Jetta","SEL","hev","Sedan","front wheel drive","",11.3,,,"carapi","",""
"727",2014,"Volkswagen","Jetta","SEL","ice","Sedan","front wheel drive","",15.5,,,"carapi","",""
"730",2014,"Volkswagen","Touareg","Hybrid","hev","SUV","all wheel drive","",32.1,64,,"carapi","",""
"730",2014,"Volkswagen","Touareg","V6 Executive","ice","SUV","all wheel drive","",32.1,64,,"carapi","",""
"13",2015,"Audi","Q5","2.0T Prestige quattro","hev","SUV","all wheel drive","",29.1,57.3,,"carapi","",""
"13",2015,"Audi","Q5","3.0T Prestige quattro","ice","SUV","all wheel drive","",29.1,57.3,,"carapi","",""
"17",2015,"BMW","3 Series","ActiveHybrid 3","hev","Sedan","rear wheel drive","",10,,,"lookup_exact","https://www.caranddriver.com/bmw/3-series/specs/2015/bmw_3-series_bmw-activehybrid-3_2015","Trunk Space (cubic feet) 10"
"17",2015,"BMW","3 Series","335i","ice","Sedan","rear wheel drive","",13,,,"lookup_exact","https://www.edmunds.com/bmw/3-series/2015/sedan/st-200704021/features-specs/","Cargo capacity, all seats in place|13.0 cu.ft."
"19",2015,"BMW","5 Series","ActiveHybrid 5","hev","Sedan","rear wheel drive","",10,,,"carapi","",""
"19",2015,"BMW","5 Series","535i","ice","Sedan","rear wheel drive","",14,,,"lookup_exact","https://www.edmunds.com/bmw/5-series/2015/st-200705194/features-specs/","Cargo capacity, all seats in place|14.0 cu.ft."
"23",2015,"BMW","7 Series","740Li","hev","Sedan","rear wheel drive","",10,,,"carapi","",""
"23",2015,"BMW","7 Series","740Li","ice","Sedan","rear wheel drive","",14,,,"lookup_shared","https://www.edmunds.com/bmw/7-series/2015/review/","the trunk measures a relatively measly 14 cubic feet"
"100",2015,"Ford","Fusion","S","hev","Sedan","front wheel drive","",12,,,"carapi","",""
"101",2015,"Ford","Fusion","SE","hev","Sedan","front wheel drive","",12,,,"carapi","",""
"102",2015,"Ford","Fusion","Titanium","hev","Sedan","front wheel drive","",12,,,"carapi","",""
"100",2015,"Ford","Fusion","S","ice","Sedan","front wheel drive","",16,,,"carapi","",""
"101",2015,"Ford","Fusion","SE","ice","Sedan","front wheel drive","",16,,,"carapi","",""
"102",2015,"Ford","Fusion","Titanium","ice","Sedan","front wheel drive","EcoBoost",16,,,"carapi","",""
"142",2015,"Honda","Accord","EX-L","hev","Sedan","front wheel drive","",12.3,,,"carapi","",""
"143",2015,"Honda","Accord","Touring","hev","Sedan","front wheel drive","",12.3,,,"carapi","",""
"142",2015,"Honda","Accord","EX-L","ice","Sedan","front wheel drive","",15.5,,,"carapi","",""
"143",2015,"Honda","Accord","Touring V-6","ice","Sedan","front wheel drive","",15.5,,,"carapi","",""
"243",2015,"INFINITI","Q50","Hybrid Premium","hev","Sedan","all wheel drive","",9.4,,,"carapi","",""
"242",2015,"INFINITI","Q50","Hybrid Premium","hev","Sedan","rear wheel drive","",9.4,,,"carapi","",""
"245",2015,"INFINITI","Q50","Hybrid Sport","hev","Sedan","all wheel drive","",9.4,,,"carapi","",""
"244",2015,"INFINITI","Q50","Hybrid Sport","hev","Sedan","rear wheel drive","",9.4,,,"carapi","",""
"243",2015,"INFINITI","Q50","Premium","ice","Sedan","all wheel drive","",13.5,,,"carapi","",""
"242",2015,"INFINITI","Q50","Premium","ice","Sedan","rear wheel drive","",13.5,,,"carapi","",""
"245",2015,"INFINITI","Q50","Sport","ice","Sedan","all wheel drive","",13.5,,,"carapi","",""
"244",2015,"INFINITI","Q50","Sport","ice","Sedan","rear wheel drive","",13.5,,,"carapi","",""
"249",2015,"INFINITI","Q70","Hybrid","hev","Sedan","rear wheel drive","",11.3,,,"carapi","",""
"249",2015,"INFINITI","Q70","Base","ice","Sedan","rear wheel drive","",14.9,,,"carapi","",""
"256",2015,"INFINITI","QX60","Hybrid","hev","SUV","all wheel drive","",15.8,76.5,40.8,"carapi+lookup_shared","https://usa.infinitinews.com/en-US/releases/release-cb0bf5368ed14611bbd099e4f08c8219-us-2015-infiniti-qx60-hybrid-press-kit","Cargo volume – behind 3rd row (cu. ft.) 15.8; Cargo volume – 3rd row folded (cu. ft.) 40.8; Cargo volume – 2nd and 3rd row folded (cu. ft.) 76.5"
"255",2015,"INFINITI","QX60","Hybrid","hev","SUV","front wheel drive","",15.8,76.5,40.8,"carapi+lookup_shared","https://usa.infinitinews.com/en-US/releases/release-cb0bf5368ed14611bbd099e4f08c8219-us-2015-infiniti-qx60-hybrid-press-kit","Cargo volume – behind 3rd row (cu. ft.) 15.8; Cargo volume – 3rd row folded (cu. ft.) 40.8; Cargo volume – 2nd and 3rd row folded (cu. ft.) 76.5"
"256",2015,"INFINITI","QX60","Base","ice","SUV","all wheel drive","",15.8,76.5,40.8,"carapi+lookup_shared","https://usa.infinitinews.com/en-US/releases/us-2015-infiniti-qx60-press-kit","Cargo volume – behind 3rd row (cu. ft.) 15.8; Cargo volume – 3rd row folded (cu. ft.) 40.8; Cargo volume – 2nd and 3rd row folded (cu. ft.) 76.5"
"255",2015,"INFINITI","QX60","Base","ice","SUV","front wheel drive","",15.8,76.5,40.8,"carapi+lookup_shared","https://usa.infinitinews.com/en-US/releases/us-2015-infiniti-qx60-press-kit","Cargo volume – behind 3rd row (cu. ft.) 15.8; Cargo volume – 3rd row folded (cu. ft.) 40.8; Cargo volume – 2nd and 3rd row folded (cu. ft.) 76.5"
"291",2015,"Lexus","ES","Base","hev","Sedan","front wheel drive","",12.1,,,"carapi","",""
"291",2015,"Lexus","ES","Base","ice","Sedan","front wheel drive","",15.2,,,"carapi","",""
"330",2015,"Lexus","NX","Base","hev","SUV","all wheel drive","",16.7,53.7,,"carapi","",""
"329",2015,"Lexus","NX","Base","hev","SUV","front wheel drive","",16.7,53.7,,"carapi","",""
"330",2015,"Lexus","NX","Base","ice","SUV","all wheel drive","",17.7,54.6,,"carapi","",""
"329",2015,"Lexus","NX","Base","ice","SUV","front wheel drive","",17.7,54.6,,"carapi","",""
"397",2015,"Lincoln","MKZ","Black Label Hybrid","hev","Sedan","front wheel drive","",11.1,,,"carapi","",""
"396",2015,"Lincoln","MKZ","Hybrid","hev","Sedan","front wheel drive","",11.1,,,"carapi","",""
"396",2015,"Lincoln","MKZ","Base","ice","Sedan","front wheel drive","",15.4,,,"carapi","",""
"397",2015,"Lincoln","MKZ","Black Label","ice","Sedan","front wheel drive","",15.4,,,"carapi","",""
"426",2015,"Mercedes-Benz","E-Class","E400 Sport Hybrid","hev","Sedan","rear wheel drive","",15.9,,,"lookup_shared","https://www.edmunds.com/mercedes-benz/e-class/2015/features-specs/","Cargo capacity, all seats in place|15.9 cu.ft."
"426",2015,"Mercedes-Benz","E-Class","E 350 Sport","ice","Sedan","rear wheel drive","",15.9,,,"lookup_shared","https://www.edmunds.com/mercedes-benz/e-class/2015/features-specs/","Cargo capacity, all seats in place|15.9 cu.ft."
"468",2015,"Toyota","Avalon","Limited","hev","Sedan","front wheel drive","",14,,,"carapi","",""
"466",2015,"Toyota","Avalon","XLE Premium","hev","Sedan","front wheel drive","",14,,,"carapi","",""
"467",2015,"Toyota","Avalon","XLE Touring","hev","Sedan","front wheel drive","",14,,,"carapi","",""
"468",2015,"Toyota","Avalon","Limited","ice","Sedan","front wheel drive","",16,,,"carapi","",""
"466",2015,"Toyota","Avalon","XLE Premium","ice","Sedan","front wheel drive","",16,,,"carapi","",""
"467",2015,"Toyota","Avalon","XLE Touring","ice","Sedan","front wheel drive","",16,,,"carapi","",""
"495",2015,"Toyota","Camry","LE","hev","Sedan","front wheel drive","",13.1,,,"carapi","",""
"496",2015,"Toyota","Camry","SE","hev","Sedan","front wheel drive","",13.1,,,"carapi","",""
"494",2015,"Toyota","Camry","XLE","hev","Sedan","front wheel drive","",13.1,,,"carapi","",""
"495",2015,"Toyota","Camry","LE","ice","Sedan","front wheel drive","",15.4,,,"carapi","",""
"496",2015,"Toyota","Camry","SE","ice","Sedan","front wheel drive","",15.4,,,"carapi","",""
"494",2015,"Toyota","Camry","XLE","ice","Sedan","front wheel drive","",15.4,,,"carapi","",""
"567",2015,"Toyota","Highlander","Limited","hev","SUV","all wheel drive","",13.8,83.2,,"carapi","",""
"568",2015,"Toyota","Highlander","Limited Platinum","hev","SUV","all wheel drive","",13.8,83.2,,"carapi","",""
"567",2015,"Toyota","Highlander","Limited","ice","SUV","all wheel drive","",13.8,83.2,,"carapi","",""
"568",2015,"Toyota","Highlander","Limited Platinum","ice","SUV","all wheel drive","",13.8,83.2,,"carapi","",""
"14",2016,"Audi","Q5","2.0T Prestige quattro","hev","SUV","all wheel drive","",29.1,57.3,,"carapi","",""
"14",2016,"Audi","Q5","3.0T Prestige quattro","ice","SUV","all wheel drive","",29.1,57.3,,"carapi","",""
"20",2016,"BMW","5 Series","ActiveHybrid 5","hev","Sedan","rear wheel drive","",10,,,"carapi","",""
"20",2016,"BMW","5 Series","535i","ice","Sedan","rear wheel drive","",14,,,"lookup_exact","https://www.edmunds.com/bmw/5-series/2016/st-200745717/features-specs/","Cargo capacity, all seats in place|14.0 cu.ft."
"103",2016,"Ford","Fusion","S","hev","Sedan","front wheel drive","",12,,,"carapi","",""
"104",2016,"Ford","Fusion","SE","hev","Sedan","front wheel drive","",12,,,"carapi","",""
"105",2016,"Ford","Fusion","Titanium","hev","Sedan","front wheel drive","",12,,,"carapi","",""
"103",2016,"Ford","Fusion","S","ice","Sedan","front wheel drive","",16,,,"carapi","",""
"104",2016,"Ford","Fusion","SE","ice","Sedan","front wheel drive","",16,,,"carapi","",""
"105",2016,"Ford","Fusion","Titanium","ice","Sedan","front wheel drive","EcoBoost",16,,,"carapi","",""
"250",2016,"INFINITI","Q70","Hybrid","hev","Sedan","rear wheel drive","",11.3,,,"carapi","",""
"250",2016,"INFINITI","Q70","Base","ice","Sedan","rear wheel drive","",14.9,,,"carapi","",""
"292",2016,"Lexus","ES","Base","hev","Sedan","front wheel drive","",12.1,,,"carapi","",""
"292",2016,"Lexus","ES","Base","ice","Sedan","front wheel drive","",15.2,,,"carapi","",""
"332",2016,"Lexus","NX","Base","hev","SUV","all wheel drive","",16.8,53.7,,"carapi","",""
"331",2016,"Lexus","NX","Base","hev","SUV","front wheel drive","",16.8,53.7,,"carapi","",""
"332",2016,"Lexus","NX","Base","ice","SUV","all wheel drive","",17.7,54.6,,"carapi","",""
"331",2016,"Lexus","NX","Base","ice","SUV","front wheel drive","",17.7,54.6,,"carapi","",""
"399",2016,"Lincoln","MKZ","Black Label Hybrid","hev","Sedan","front wheel drive","",11.1,,,"carapi","",""
"398",2016,"Lincoln","MKZ","Hybrid","hev","Sedan","front wheel drive","",11.1,,,"carapi","",""
"398",2016,"Lincoln","MKZ","Base","ice","Sedan","front wheel drive","",15.4,,,"carapi","",""
"399",2016,"Lincoln","MKZ","Black Label","ice","Sedan","front wheel drive","",15.4,,,"carapi","",""
"429",2016,"Nissan","Murano","Platinum","hev","SUV","all wheel drive","",32.1,67,,"carapi","",""
"427",2016,"Nissan","Murano","Platinum","hev","SUV","front wheel drive","",32.1,67,,"carapi","",""
"428",2016,"Nissan","Murano","SL","hev","SUV","all wheel drive","",32.1,67,,"carapi","",""
"430",2016,"Nissan","Murano","SL","hev","SUV","front wheel drive","",32.1,67,,"carapi","",""
"429",2016,"Nissan","Murano","Platinum","ice","SUV","all wheel drive","",32.1,67,,"carapi","",""
"427",2016,"Nissan","Murano","Platinum","ice","SUV","front wheel drive","",32.1,67,,"carapi","",""
"428",2016,"Nissan","Murano","SL","ice","SUV","all wheel drive","",32.1,67,,"carapi","",""
"430",2016,"Nissan","Murano","SL","ice","SUV","front wheel drive","",32.1,67,,"carapi","",""
"470",2016,"Toyota","Avalon","Limited","hev","Sedan","front wheel drive","",14,,,"carapi","",""
"471",2016,"Toyota","Avalon","XLE Plus","hev","Sedan","front wheel drive","",14,,,"carapi","",""
"469",2016,"Toyota","Avalon","XLE Premium","hev","Sedan","front wheel drive","",14,,,"carapi","",""
"470",2016,"Toyota","Avalon","Limited","ice","Sedan","front wheel drive","",16,,,"carapi","",""
"471",2016,"Toyota","Avalon","XLE Plus","ice","Sedan","front wheel drive","",16,,,"carapi","",""
"469",2016,"Toyota","Avalon","XLE Premium","ice","Sedan","front wheel drive","",16,,,"carapi","",""
"498",2016,"Toyota","Camry","LE","hev","Sedan","front wheel drive","",13.1,,,"carapi","",""
"497",2016,"Toyota","Camry","SE","hev","Sedan","front wheel drive","",13.1,,,"carapi","",""
"499",2016,"Toyota","Camry","XLE","hev","Sedan","front wheel drive","",13.1,,,"carapi","",""
"498",2016,"Toyota","Camry","LE","ice","Sedan","front wheel drive","",15.4,,,"carapi","",""
"497",2016,"Toyota","Camry","SE","ice","Sedan","front wheel drive","",15.4,,,"carapi","",""
"499",2016,"Toyota","Camry","XLE","ice","Sedan","front wheel drive","",15.4,,,"carapi","",""
"569",2016,"Toyota","Highlander","Limited","hev","SUV","all wheel drive","",13.8,83.2,,"carapi","",""
"570",2016,"Toyota","Highlander","Limited Platinum","hev","SUV","all wheel drive","",13.8,82.6,,"carapi","",""
"569",2016,"Toyota","Highlander","Limited","ice","SUV","all wheel drive","",13.8,83.2,,"carapi","",""
"570",2016,"Toyota","Highlander","Limited Platinum","ice","SUV","all wheel drive","",13.8,82.6,,"carapi","",""
"629",2016,"Toyota","RAV4","Limited","hev","SUV","all wheel drive","",35.6,70.6,,"carapi","",""
"630",2016,"Toyota","RAV4","XLE","hev","SUV","all wheel drive","",35.6,70.6,,"carapi","",""
"629",2016,"Toyota","RAV4","Limited","ice","SUV","all wheel drive","",38.4,73.4,,"carapi","",""
"630",2016,"Toyota","RAV4","XLE","ice","SUV","all wheel drive","",38.4,73.4,,"carapi","",""
"4",2017,"Acura","MDX","Sport Hybrid SH-AWD","hev","SUV","all wheel drive","Advance Package",14.9,68.4,,"carapi","",""
"3",2017,"Acura","MDX","Sport Hybrid SH-AWD","hev","SUV","all wheel drive","Technology Package",14.9,68.4,,"carapi","",""
"4",2017,"Acura","MDX","SH-AWD","ice","SUV","all wheel drive","Advance Package",14.9,68.4,,"carapi","",""
"3",2017,"Acura","MDX","SH-AWD","ice","SUV","all wheel drive","Technology Package",14.9,68.4,,"carapi","",""
"28",2017,"Chevrolet","Malibu","Hybrid","hev","Sedan","front wheel drive","",11.6,,,"carapi","",""
"28",2017,"Chevrolet","Malibu","LT","ice","Sedan","front wheel drive","",15.8,,,"carapi","",""
"109",2017,"Ford","Fusion","Platinum","hev","Sedan","front wheel drive","",12,,,"carapi","",""
"108",2017,"Ford","Fusion","S","hev","Sedan","front wheel drive","",12,,,"carapi","",""
"107",2017,"Ford","Fusion","SE","hev","Sedan","front wheel drive","",12,,,"carapi","",""
"106",2017,"Ford","Fusion","Titanium","hev","Sedan","front wheel drive","",12,,,"carapi","",""
"109",2017,"Ford","Fusion","Platinum","ice","Sedan","front wheel drive","",16,,,"carapi","",""
"108",2017,"Ford","Fusion","S","ice","Sedan","front wheel drive","",16,,,"carapi","",""
"107",2017,"Ford","Fusion","SE","ice","Sedan","front wheel drive","",16,,,"carapi","",""
"106",2017,"Ford","Fusion","Titanium","ice","Sedan","front wheel drive","",16,,,"carapi","",""
"144",2017,"Honda","Accord","Touring","hev","Sedan","front wheel drive","",13.7,,,"carapi","",""
"144",2017,"Honda","Accord","Touring V-6","ice","Sedan","front wheel drive","",15.5,,,"carapi","",""
"251",2017,"INFINITI","Q70","Hybrid","hev","Sedan","rear wheel drive","",11.3,,,"carapi","",""
"251",2017,"INFINITI","Q70","Base","ice","Sedan","rear wheel drive","",14.9,,,"carapi","",""
"293",2017,"Lexus","ES","Base","hev","Sedan","front wheel drive","",12.1,,,"carapi","",""
"293",2017,"Lexus","ES","Base","ice","Sedan","front wheel drive","",15.2,,,"carapi","",""
"333",2017,"Lexus","NX","Base","hev","SUV","all wheel drive","",16.8,53.7,,"carapi","",""
"333",2017,"Lexus","NX","Base","ice","SUV","all wheel drive","",17.7,54.6,,"carapi","",""
"403",2017,"Lincoln","MKZ","Hybrid Black Label","hev","Sedan","front wheel drive","",11.1,,,"carapi","",""
"402",2017,"Lincoln","MKZ","Hybrid Premiere","hev","Sedan","front wheel drive","",11.1,,,"carapi","",""
"400",2017,"Lincoln","MKZ","Hybrid Reserve","hev","Sedan","front wheel drive","",11.1,,,"carapi","",""
"401",2017,"Lincoln","MKZ","Hybrid Select","hev","Sedan","front wheel drive","",11.1,,,"carapi","",""
"403",2017,"Lincoln","MKZ","Black Label","ice","Sedan","front wheel drive","",15.4,,,"carapi","",""
"402",2017,"Lincoln","MKZ","Premiere","ice","Sedan","front wheel drive","",15.4,,,"carapi","",""
"400",2017,"Lincoln","MKZ","Reserve","ice","Sedan","front wheel drive","",15.4,,,"carapi","",""
"401",2017,"Lincoln","MKZ","Select","ice","Sedan","front wheel drive","",15.4,,,"carapi","",""
"437",2017,"Nissan","Rogue","SL Hybrid","hev","SUV","all wheel drive","",27.3,61.4,,"lookup_shared","https://www.edmunds.com/nissan/rogue/2017/hybrid/features-specs/","Cargo capacity, all seats in place|27.3 cu.ft.|Maximum cargo capacity|61.4 cu.ft."
"438",2017,"Nissan","Rogue","SL Hybrid","hev","SUV","front wheel drive","",27.3,61.4,,"lookup_shared","https://www.edmunds.com/nissan/rogue/2017/hybrid/features-specs/","Cargo capacity, all seats in place|27.3 cu.ft.|Maximum cargo capacity|61.4 cu.ft."
"439",2017,"Nissan","Rogue","SV Hybrid","hev","SUV","all wheel drive","",27.3,61.4,,"lookup_shared","https://www.edmunds.com/nissan/rogue/2017/hybrid/features-specs/","Cargo capacity, all seats in place|27.3 cu.ft.|Maximum cargo capacity|61.4 cu.ft."
"440",2017,"Nissan","Rogue","SV Hybrid","hev","SUV","front wheel drive","",27.3,61.4,,"lookup_shared","https://www.edmunds.com/nissan/rogue/2017/hybrid/features-specs/","Cargo capacity, all seats in place|27.3 cu.ft.|Maximum cargo capacity|61.4 cu.ft."
"437",2017,"Nissan","Rogue","SL","ice","SUV","all wheel drive","",32,70,,"carapi","",""
"438",2017,"Nissan","Rogue","SL","ice","SUV","front wheel drive","",32,70,,"carapi","",""
"439",2017,"Nissan","Rogue","SV","ice","SUV","all wheel drive","",32,70,,"carapi","",""
"440",2017,"Nissan","Rogue","SV","ice","SUV","front wheel drive","",32,70,,"carapi","",""
"472",2017,"Toyota","Avalon","Limited","hev","Sedan","front wheel drive","",14,,,"carapi","",""
"474",2017,"Toyota","Avalon","XLE Plus","hev","Sedan","front wheel drive","",14,,,"carapi","",""
"473",2017,"Toyota","Avalon","XLE Premium","hev","Sedan","front wheel drive","",14,,,"carapi","",""
"472",2017,"Toyota","Avalon","Limited","ice","Sedan","front wheel drive","",16,,,"carapi","",""
"474",2017,"Toyota","Avalon","XLE Plus","ice","Sedan","front wheel drive","",16,,,"carapi","",""
"473",2017,"Toyota","Avalon","XLE Premium","ice","Sedan","front wheel drive","",16,,,"carapi","",""
"502",2017,"Toyota","Camry","LE","hev","Sedan","front wheel drive","",13.1,,,"carapi","",""
"500",2017,"Toyota","Camry","SE","hev","Sedan","front wheel drive","",13.1,,,"carapi","",""
"501",2017,"Toyota","Camry","XLE","hev","Sedan","front wheel drive","",13.1,,,"carapi","",""
"502",2017,"Toyota","Camry","LE","ice","Sedan","front wheel drive","",15.4,,,"carapi","",""
"500",2017,"Toyota","Camry","SE","ice","Sedan","front wheel drive","",15.4,,,"carapi","",""
"501",2017,"Toyota","Camry","XLE","ice","Sedan","front wheel drive","",15.4,,,"carapi","",""
"572",2017,"Toyota","Highlander","LE","hev","SUV","all wheel drive","",13.8,83.7,,"carapi","",""
"574",2017,"Toyota","Highlander","Limited","hev","SUV","all wheel drive","",13.8,83.2,,"carapi","",""
"571",2017,"Toyota","Highlander","Limited Platinum","hev","SUV","all wheel drive","",13.6,78.6,,"carapi","",""
"573",2017,"Toyota","Highlander","XLE","hev","SUV","all wheel drive","",13.8,83.7,,"carapi","",""
"572",2017,"Toyota","Highlander","LE","ice","SUV","all wheel drive","",13.8,83.7,,"carapi","",""
"574",2017,"Toyota","Highlander","Limited","ice","SUV","all wheel drive","",13.8,83.2,,"carapi","",""
"571",2017,"Toyota","Highlander","Limited Platinum","ice","SUV","all wheel drive","",13.8,82.6,,"carapi","",""
"573",2017,"Toyota","Highlander","XLE","ice","SUV","all wheel drive","",13.8,83.2,,"carapi","",""
"631",2017,"Toyota","RAV4","Limited","hev","SUV","all wheel drive","",35.6,70.6,,"carapi","",""
"633",2017,"Toyota","RAV4","SE","hev","SUV","all wheel drive","",35.6,70.6,,"carapi","",""
"632",2017,"Toyota","RAV4","XLE","hev","SUV","all wheel drive","",35.6,70.6,,"carapi","",""
"631",2017,"Toyota","RAV4","Limited","ice","SUV","all wheel drive","",38.4,73.4,,"carapi","",""
"633",2017,"Toyota","RAV4","SE","ice","SUV","all wheel drive","",38.4,73.4,,"carapi","",""
"632",2017,"Toyota","RAV4","XLE","ice","SUV","all wheel drive","",38.4,73.4,,"carapi","",""
"5",2018,"Acura","MDX","Sport Hybrid SH-AWD","hev","SUV","all wheel drive","Advance Package",14.9,68.4,,"carapi","",""
"6",2018,"Acura","MDX","Sport Hybrid SH-AWD","hev","SUV","all wheel drive","Technology Package",14.9,68.4,,"carapi","",""
"5",2018,"Acura","MDX","SH-AWD","ice","SUV","all wheel drive","Advance Package",14.9,68.4,,"carapi","",""
"6",2018,"Acura","MDX","SH-AWD","ice","SUV","all wheel drive","Technology Package",14.9,68.4,,"carapi","",""
"29",2018,"Chevrolet","Malibu","Hybrid","hev","Sedan","front wheel drive","",11.6,,,"carapi","",""
"29",2018,"Chevrolet","Malibu","LT","ice","Sedan","front wheel drive","",15.8,,,"carapi","",""
"113",2018,"Ford","Fusion","Platinum","hev","Sedan","front wheel drive","",12,,,"carapi","",""
"110",2018,"Ford","Fusion","S","hev","Sedan","front wheel drive","",12,,,"carapi","",""
"111",2018,"Ford","Fusion","SE","hev","Sedan","front wheel drive","",12,,,"carapi","",""
"112",2018,"Ford","Fusion","Titanium","hev","Sedan","front wheel drive","",12,,,"carapi","",""
"113",2018,"Ford","Fusion","Platinum","ice","Sedan","front wheel drive","",16,,,"carapi","",""
"110",2018,"Ford","Fusion","S","ice","Sedan","front wheel drive","",16,,,"carapi","",""
"111",2018,"Ford","Fusion","SE","ice","Sedan","front wheel drive","",16,,,"carapi","",""
"112",2018,"Ford","Fusion","Titanium","ice","Sedan","front wheel drive","",16,,,"carapi","",""
"147",2018,"Honda","Accord","Base","hev","Sedan","front wheel drive","",16.7,,,"carapi","",""
"145",2018,"Honda","Accord","EX","hev","Sedan","front wheel drive","",16.7,,,"carapi","",""
"146",2018,"Honda","Accord","EX-L","hev","Sedan","front wheel drive","",16.7,,,"carapi","",""
"149",2018,"Honda","Accord","EX-L","hev","Sedan","front wheel drive","Navi",16.7,,,"carapi","",""
"148",2018,"Honda","Accord","Touring","hev","Sedan","front wheel drive","",16.7,,,"carapi","",""
"145",2018,"Honda","Accord","EX","ice","Sedan","front wheel drive","",16.7,,,"carapi","",""
"146",2018,"Honda","Accord","EX-L","ice","Sedan","front wheel drive","",16.7,,,"carapi","",""
"149",2018,"Honda","Accord","EX-L","ice","Sedan","front wheel drive","Navi",16.7,,,"carapi","",""
"147",2018,"Honda","Accord","LX","ice","Sedan","front wheel drive","",16.7,,,"carapi","",""
"148",2018,"Honda","Accord","Touring","ice","Sedan","front wheel drive","",16.7,,,"carapi","",""
"252",2018,"INFINITI","Q70","Hybrid LUXE","hev","Sedan","rear wheel drive","",11.3,,,"carapi","",""
"252",2018,"INFINITI","Q70","3.7 LUXE","ice","Sedan","rear wheel drive","",14.9,,,"carapi","",""
"294",2018,"Lexus","ES","Base","hev","Sedan","front wheel drive","",12.1,,,"carapi","",""
"294",2018,"Lexus","ES","Base","ice","Sedan","front wheel drive","",15.2,,,"carapi","",""
"323",2018,"Lexus","LS","Base","hev","Sedan","all wheel drive","",15.2,,,"carapi","",""
"324",2018,"Lexus","LS","Base","hev","Sedan","rear wheel drive","",15.2,,,"carapi","",""
"323",2018,"Lexus","LS","Base","ice","Sedan","all wheel drive","",17,,,"carapi","",""
"324",2018,"Lexus","LS","Base","ice","Sedan","rear wheel drive","",17,,,"carapi","",""
"334",2018,"Lexus","NX","Base","hev","SUV","all wheel drive","",16.8,53.7,,"carapi","",""
"334",2018,"Lexus","NX","Base","ice","SUV","all wheel drive","",17.7,54.6,,"carapi","",""
"357",2018,"Lexus","RX","Base","hev","SUV","all wheel drive","",18,55.9,,"carapi","",""
"356",2018,"Lexus","RX","F SPORT","hev","SUV","all wheel drive","",18,55.9,,"carapi","",""
"358",2018,"Lexus","RX","Luxury","hev","SUV","all wheel drive","",7.5,58.5,,"carapi","",""
"357",2018,"Lexus","RX","Base","ice","SUV","all wheel drive","",18.4,56.3,,"carapi","",""
"356",2018,"Lexus","RX","F SPORT","ice","SUV","all wheel drive","",18.4,56.3,,"carapi","",""
"358",2018,"Lexus","RX","Luxury","ice","SUV","all wheel drive","",7.5,58.5,,"carapi","",""
"407",2018,"Lincoln","MKZ","Hybrid Black Label","hev","Sedan","front wheel drive","",11.1,,,"carapi","",""
"405",2018,"Lincoln","MKZ","Hybrid Premiere","hev","Sedan","front wheel drive","",11.1,,,"carapi","",""
"404",2018,"Lincoln","MKZ","Hybrid Reserve","hev","Sedan","front wheel drive","",11.1,,,"carapi","",""
"406",2018,"Lincoln","MKZ","Hybrid Select","hev","Sedan","front wheel drive","",11.1,,,"carapi","",""
"407",2018,"Lincoln","MKZ","Black Label","ice","Sedan","front wheel drive","",15.4,,,"carapi","",""
"405",2018,"Lincoln","MKZ","Premiere","ice","Sedan","front wheel drive","",15.4,,,"carapi","",""
"404",2018,"Lincoln","MKZ","Reserve","ice","Sedan","front wheel drive","",15.4,,,"carapi","",""
"406",2018,"Lincoln","MKZ","Select","ice","Sedan","front wheel drive","",15.4,,,"carapi","",""
"444",2018,"Nissan","Rogue","SL Hybrid","hev","SUV","all wheel drive","",27.3,61.4,,"carapi","",""
"443",2018,"Nissan","Rogue","SL Hybrid","hev","SUV","front wheel drive","",27.3,61.4,,"carapi","",""
"442",2018,"Nissan","Rogue","SV Hybrid","hev","SUV","all wheel drive","",27.3,61.4,,"carapi","",""
"441",2018,"Nissan","Rogue","SV Hybrid","hev","SUV","front wheel drive","",27.3,61.4,,"carapi","",""
"444",2018,"Nissan","Rogue","SL","ice","SUV","all wheel drive","",32,70,,"carapi","",""
"443",2018,"Nissan","Rogue","SL","ice","SUV","front wheel drive","",32,70,,"carapi","",""
"442",2018,"Nissan","Rogue","SV","ice","SUV","all wheel drive","",32,70,,"carapi","",""
"441",2018,"Nissan","Rogue","SV","ice","SUV","front wheel drive","",32,70,,"carapi","",""
"476",2018,"Toyota","Avalon","Limited","hev","Sedan","front wheel drive","",14,,,"carapi","",""
"475",2018,"Toyota","Avalon","XLE Plus","hev","Sedan","front wheel drive","",14,,,"carapi","",""
"477",2018,"Toyota","Avalon","XLE Premium","hev","Sedan","front wheel drive","",14,,,"carapi","",""
"476",2018,"Toyota","Avalon","Limited","ice","Sedan","front wheel drive","",16,,,"carapi","",""
"475",2018,"Toyota","Avalon","XLE Plus","ice","Sedan","front wheel drive","",16,,,"carapi","",""
"477",2018,"Toyota","Avalon","XLE Premium","ice","Sedan","front wheel drive","",16,,,"carapi","",""
"503",2018,"Toyota","Camry","LE","hev","Sedan","front wheel drive","",15.1,,,"carapi","",""
"505",2018,"Toyota","Camry","SE","hev","Sedan","front wheel drive","",15.1,,,"carapi","",""
"504",2018,"Toyota","Camry","XLE","hev","Sedan","front wheel drive","",15.1,,,"carapi","",""
"503",2018,"Toyota","Camry","LE","ice","Sedan","front wheel drive","",15.1,,,"carapi","",""
"505",2018,"Toyota","Camry","SE","ice","Sedan","front wheel drive","",15.1,,,"carapi","",""
"504",2018,"Toyota","Camry","XLE","ice","Sedan","front wheel drive","",15.1,,,"carapi","",""
"578",2018,"Toyota","Highlander","LE","hev","SUV","all wheel drive","",13.8,83.7,,"carapi","",""
"575",2018,"Toyota","Highlander","Limited","hev","SUV","all wheel drive","",13.8,83.2,,"carapi","",""
"576",2018,"Toyota","Highlander","Limited Platinum","hev","SUV","all wheel drive","",13.6,83.2,,"carapi","",""
"577",2018,"Toyota","Highlander","XLE","hev","SUV","all wheel drive","",13.8,83.7,,"carapi","",""
"578",2018,"Toyota","Highlander","LE","ice","SUV","all wheel drive","",13.8,83.7,,"carapi","",""
"575",2018,"Toyota","Highlander","Limited","ice","SUV","all wheel drive","",13.8,83.2,,"carapi","",""
"576",2018,"Toyota","Highlander","Limited Platinum","ice","SUV","all wheel drive","",13.8,82.6,,"carapi","",""
"577",2018,"Toyota","Highlander","XLE","ice","SUV","all wheel drive","",13.8,83.2,,"carapi","",""
"636",2018,"Toyota","RAV4","LE","hev","SUV","all wheel drive","",35.6,70.6,,"lookup_exact","https://www.edmunds.com/toyota/rav4-hybrid/2018/st-401728349/features-specs/","Cargo capacity, all seats in place|35.6 cu.ft.|Maximum cargo capacity|70.6 cu.ft."
"635",2018,"Toyota","RAV4","Limited","hev","SUV","all wheel drive","",35.6,70.6,,"carapi","",""
"634",2018,"Toyota","RAV4","XLE","hev","SUV","all wheel drive","",35.6,70.6,,"carapi","",""
"636",2018,"Toyota","RAV4","LE","ice","SUV","all wheel drive","",38.4,73.4,,"carapi","",""
"635",2018,"Toyota","RAV4","Limited","ice","SUV","all wheel drive","",38.4,73.4,,"carapi","",""
"634",2018,"Toyota","RAV4","XLE","ice","SUV","all wheel drive","",38.4,73.4,,"carapi","",""
"8",2019,"Acura","MDX","Sport Hybrid SH-AWD","hev","SUV","all wheel drive","Advance Package",15,68.4,,"carapi","",""
"7",2019,"Acura","MDX","Sport Hybrid SH-AWD","hev","SUV","all wheel drive","Technology Package",15,68.4,,"carapi","",""
"8",2019,"Acura","MDX","SH-AWD","ice","SUV","all wheel drive","Advance Package",15,68.4,,"carapi","",""
"7",2019,"Acura","MDX","SH-AWD","ice","SUV","all wheel drive","Technology Package",15,68.4,,"carapi","",""
"30",2019,"Chevrolet","Malibu","Hybrid","hev","Sedan","front wheel drive","",13,,,"carapi","",""
"30",2019,"Chevrolet","Malibu","LT","ice","Sedan","front wheel drive","",15.8,,,"carapi","",""
"115",2019,"Ford","Fusion","Titanium","hev","Sedan","front wheel drive","",12,,,"lookup_shared","https://www.edmunds.com/ford/fusion-hybrid/2019/review/","Cargo Capacity All Seats In Place|12.0 cu.ft."
"115",2019,"Ford","Fusion","Titanium","ice","Sedan","front wheel drive","",16,,,"carapi","",""
"152",2019,"Honda","Accord","Base","hev","Sedan","front wheel drive","",16.7,,,"carapi","",""
"150",2019,"Honda","Accord","EX","hev","Sedan","front wheel drive","",16.7,,,"carapi","",""
"153",2019,"Honda","Accord","EX-L","hev","Sedan","front wheel drive","",16.7,,,"carapi","",""
"151",2019,"Honda","Accord","Touring","hev","Sedan","front wheel drive","",16.7,,,"carapi","",""
"150",2019,"Honda","Accord","EX","ice","Sedan","front wheel drive","",16.7,,,"carapi","",""
"153",2019,"Honda","Accord","EX-L","ice","Sedan","front wheel drive","",16.7,,,"carapi","",""
"152",2019,"Honda","Accord","LX","ice","Sedan","front wheel drive","",16.7,,,"carapi","",""
"151",2019,"Honda","Accord","Touring","ice","Sedan","front wheel drive","",16.7,,,"carapi","",""
"187",2019,"Honda","Civic","LX","hev","Sedan","front wheel drive","",15.1,,,"carapi","",""
"188",2019,"Honda","Civic","Touring","hev","Sedan","front wheel drive","",14.7,,,"carapi","",""
"187",2019,"Honda","Civic","LX","ice","Sedan","front wheel drive","",15.1,,,"carapi","",""
"188",2019,"Honda","Civic","Touring","ice","Sedan","front wheel drive","",14.7,,,"carapi","",""
"295",2019,"Lexus","ES","Base","hev","Sedan","front wheel drive","",16.7,,,"carapi","",""
"296",2019,"Lexus","ES","Luxury","hev","Sedan","front wheel drive","",16.7,,,"carapi","",""
"297",2019,"Lexus","ES","Ultra Luxury","hev","Sedan","front wheel drive","",16.7,,,"carapi","",""
"295",2019,"Lexus","ES","Base","ice","Sedan","front wheel drive","",16.7,,,"carapi","",""
"296",2019,"Lexus","ES","Luxury","ice","Sedan","front wheel drive","",16.7,,,"carapi","",""
"297",2019,"Lexus","ES","Ultra Luxury","ice","Sedan","front wheel drive","",16.7,,,"carapi","",""
"326",2019,"Lexus","LS","Base","hev","Sedan","all wheel drive","",15.2,,,"carapi","",""
"325",2019,"Lexus","LS","Base","hev","Sedan","rear wheel drive","",15.2,,,"carapi","",""
"326",2019,"Lexus","LS","Base","ice","Sedan","all wheel drive","",17,,,"carapi","",""
"325",2019,"Lexus","LS","Base","ice","Sedan","rear wheel drive","",17,,,"carapi","",""
"335",2019,"Lexus","NX","Base","hev","SUV","all wheel drive","",16.8,53.7,,"carapi","",""
"335",2019,"Lexus","NX","Base","ice","SUV","all wheel drive","",17.7,54.6,,"carapi","",""
"360",2019,"Lexus","RX","Base","hev","SUV","all wheel drive","",7.5,58.5,,"carapi","",""
"361",2019,"Lexus","RX","F SPORT","hev","SUV","all wheel drive","",18,55.9,,"carapi","",""
"359",2019,"Lexus","RX","Luxury","hev","SUV","all wheel drive","",7.5,58.5,,"carapi","",""
"360",2019,"Lexus","RX","Base","ice","SUV","all wheel drive","",7.5,58.5,23,"override","https://www.localauto.com/car-research/lexus/rx-350l/2020/specs","Cargo Volume 7.5 | Cargo Volume All Rear Seats Down 58.5 | Cargo Volume Third Row Down Only 23.0"
"361",2019,"Lexus","RX","F SPORT","ice","SUV","all wheel drive","",18.4,56.3,,"carapi","",""
"359",2019,"Lexus","RX","Luxury","ice","SUV","all wheel drive","",7.5,58.5,23,"override","https://www.localauto.com/car-research/lexus/rx-350l/2020/specs","Cargo Volume 7.5 | Cargo Volume All Rear Seats Down 58.5 | Cargo Volume Third Row Down Only 23.0"
"408",2019,"Lincoln","MKZ","Hybrid Reserve I","hev","Sedan","front wheel drive","",11.1,,,"carapi","",""
"409",2019,"Lincoln","MKZ","Hybrid Reserve II","hev","Sedan","front wheel drive","",11.1,,,"carapi","",""
"408",2019,"Lincoln","MKZ","Reserve I","ice","Sedan","front wheel drive","",15.4,,,"carapi","",""
"409",2019,"Lincoln","MKZ","Reserve II","ice","Sedan","front wheel drive","",15.4,,,"carapi","",""
"445",2019,"Nissan","Rogue","SV Hybrid","hev","SUV","all wheel drive","",27.3,61.4,,"carapi","",""
"446",2019,"Nissan","Rogue","SV Hybrid","hev","SUV","front wheel drive","",27.3,61.4,,"carapi","",""
"445",2019,"Nissan","Rogue","SV","ice","SUV","all wheel drive","",39.3,70,,"carapi","",""
"446",2019,"Nissan","Rogue","SV","ice","SUV","front wheel drive","",39.3,70,,"carapi","",""
"480",2019,"Toyota","Avalon","Limited","hev","Sedan","front wheel drive","",16.1,,,"carapi","",""
"478",2019,"Toyota","Avalon","XLE","hev","Sedan","front wheel drive","",16.1,,,"carapi","",""
"479",2019,"Toyota","Avalon","XSE","hev","Sedan","front wheel drive","",16.1,,,"carapi","",""
"480",2019,"Toyota","Avalon","Limited","ice","Sedan","front wheel drive","",16.1,,,"carapi","",""
"478",2019,"Toyota","Avalon","XLE","ice","Sedan","front wheel drive","",16.1,,,"carapi","",""
"479",2019,"Toyota","Avalon","XSE","ice","Sedan","front wheel drive","",16.1,,,"carapi","",""
"507",2019,"Toyota","Camry","LE","hev","Sedan","front wheel drive","",15.1,,,"carapi","",""
"508",2019,"Toyota","Camry","SE","hev","Sedan","front wheel drive","",15.1,,,"carapi","",""
"506",2019,"Toyota","Camry","XLE","hev","Sedan","front wheel drive","",15.1,,,"carapi","",""
"507",2019,"Toyota","Camry","LE","ice","Sedan","front wheel drive","",15.1,,,"carapi","",""
"508",2019,"Toyota","Camry","SE","ice","Sedan","front wheel drive","",15.1,,,"carapi","",""
"506",2019,"Toyota","Camry","XLE","ice","Sedan","front wheel drive","",15.1,,,"carapi","",""
"582",2019,"Toyota","Highlander","LE","hev","SUV","all wheel drive","",13.8,83.7,,"carapi","",""
"579",2019,"Toyota","Highlander","Limited","hev","SUV","all wheel drive","",13.8,83.2,,"carapi","",""
"580",2019,"Toyota","Highlander","Limited Platinum","hev","SUV","all wheel drive","",13.6,83.2,,"carapi","",""
"581",2019,"Toyota","Highlander","XLE","hev","SUV","all wheel drive","",13.8,83.7,,"carapi","",""
"582",2019,"Toyota","Highlander","LE","ice","SUV","all wheel drive","",13.8,83.7,,"carapi","",""
"579",2019,"Toyota","Highlander","Limited","ice","SUV","all wheel drive","",13.8,83.2,,"carapi","",""
"580",2019,"Toyota","Highlander","Limited Platinum","ice","SUV","all wheel drive","",13.6,78.6,,"carapi","",""
"581",2019,"Toyota","Highlander","XLE","ice","SUV","all wheel drive","",13.8,83.2,,"carapi","",""
"637",2019,"Toyota","RAV4","LE","hev","SUV","all wheel drive","",37.6,69.8,,"carapi","",""
"639",2019,"Toyota","RAV4","Limited","hev","SUV","all wheel drive","",37.5,69.8,,"carapi","",""
"638",2019,"Toyota","RAV4","XLE","hev","SUV","all wheel drive","",37.5,69.8,,"carapi","",""
"637",2019,"Toyota","RAV4","LE","ice","SUV","all wheel drive","",37.6,69.8,,"carapi","",""
"639",2019,"Toyota","RAV4","Limited","ice","SUV","all wheel drive","",37.5,69.8,,"carapi","",""
"638",2019,"Toyota","RAV4","XLE","ice","SUV","all wheel drive","",37.5,69.8,,"carapi","",""
"10",2020,"Acura","MDX","Sport Hybrid SH-AWD","hev","SUV","all wheel drive","Advance Package",15,68.4,,"carapi","",""
"9",2020,"Acura","MDX","Sport Hybrid SH-AWD","hev","SUV","all wheel drive","Technology Package",15,68.4,,"carapi","",""
"10",2020,"Acura","MDX","SH-AWD","ice","SUV","all wheel drive","Advance Package",15,68.4,,"carapi","",""
"9",2020,"Acura","MDX","SH-AWD","ice","SUV","all wheel drive","Technology Package",15,68.4,,"carapi","",""
"31",2020,"Ford","Escape","Titanium","hev","SUV","all wheel drive","",30.7,60.8,,"carapi","",""
"31",2020,"Ford","Escape","Titanium","ice","SUV","all wheel drive","",33.5,65.4,,"carapi","",""
"58",2020,"Ford","Explorer","Limited Hybrid","hev","SUV","all wheel drive","",18.2,87.8,,"carapi","",""
"57",2020,"Ford","Explorer","Limited Hybrid","hev","SUV","rear wheel drive","",18.2,87.8,,"carapi","",""
"58",2020,"Ford","Explorer","Limited","ice","SUV","all wheel drive","",18.2,87.8,,"carapi","",""
"57",2020,"Ford","Explorer","Limited","ice","SUV","rear wheel drive","",18.2,87.8,,"carapi","",""
"119",2020,"Ford","Fusion","Titanium","hev","Sedan","front wheel drive","",12,,,"lookup_shared","https://www.edmunds.com/ford/fusion-hybrid/2020/st-401799047/features-specs/","Cargo capacity, all seats in place|12.0 cu.ft."
"119",2020,"Ford","Fusion","Titanium","ice","Sedan","front wheel drive","",16,,,"carapi","",""
"156",2020,"Honda","Accord","Base","hev","Sedan","front wheel drive","",16.7,,,"carapi","",""
"154",2020,"Honda","Accord","EX","hev","Sedan","front wheel drive","",16.7,,,"carapi","",""
"157",2020,"Honda","Accord","EX-L","hev","Sedan","front wheel drive","",16.7,,,"carapi","",""
"155",2020,"Honda","Accord","Touring","hev","Sedan","front wheel drive","",16.7,,,"carapi","",""
"154",2020,"Honda","Accord","EX","ice","Sedan","front wheel drive","",16.7,,,"carapi","",""
"157",2020,"Honda","Accord","EX-L","ice","Sedan","front wheel drive","",16.7,,,"carapi","",""
"156",2020,"Honda","Accord","LX","ice","Sedan","front wheel drive","",16.7,,,"carapi","",""
"155",2020,"Honda","Accord","Touring","ice","Sedan","front wheel drive","",16.7,,,"carapi","",""
"167",2020,"Honda","CR-V","EX","hev","SUV","all wheel drive","",33.2,68.7,,"carapi","",""
"166",2020,"Honda","CR-V","EX-L","hev","SUV","all wheel drive","",33.2,68.7,,"carapi","",""
"165",2020,"Honda","CR-V","LX","hev","SUV","all wheel drive","",33.2,68.7,,"carapi","",""
"168",2020,"Honda","CR-V","Touring","hev","SUV","all wheel drive","",33.2,68.7,,"carapi","",""
"167",2020,"Honda","CR-V","EX","ice","SUV","all wheel drive","",39.2,75.8,,"carapi","",""
"166",2020,"Honda","CR-V","EX-L","ice","SUV","all wheel drive","",39.2,75.8,,"carapi","",""
"165",2020,"Honda","CR-V","LX","ice","SUV","all wheel drive","",39.2,75.8,,"carapi","",""
"168",2020,"Honda","CR-V","Touring","ice","SUV","all wheel drive","",37.6,75.8,,"carapi","",""
"190",2020,"Honda","Civic","LX","hev","Sedan","front wheel drive","",15.1,,,"carapi","",""
"189",2020,"Honda","Civic","Touring","hev","Sedan","front wheel drive","",14.7,,,"carapi","",""
"190",2020,"Honda","Civic","LX","ice","Sedan","front wheel drive","",15.1,,,"carapi","",""
"189",2020,"Honda","Civic","Touring","ice","Sedan","front wheel drive","",14.7,,,"carapi","",""
"265",2020,"Kia","Optima","EX","hev","Sedan","front wheel drive","",13.4,,,"carapi","",""
"265",2020,"Kia","Optima","EX","ice","Sedan","front wheel drive","",15.9,,,"carapi","",""
"299",2020,"Lexus","ES","Base","hev","Sedan","front wheel drive","",16.7,,,"carapi","",""
"300",2020,"Lexus","ES","Luxury","hev","Sedan","front wheel drive","",16.7,,,"carapi","",""
"298",2020,"Lexus","ES","Ultra Luxury","hev","Sedan","front wheel drive","",16.7,,,"carapi","",""
"299",2020,"Lexus","ES","Base","ice","Sedan","front wheel drive","",16.7,,,"carapi","",""
"300",2020,"Lexus","ES","Luxury","ice","Sedan","front wheel drive","",16.7,,,"carapi","",""
"298",2020,"Lexus","ES","Ultra Luxury","ice","Sedan","front wheel drive","",16.7,,,"carapi","",""
"328",2020,"Lexus","LS","Base","hev","Sedan","all wheel drive","",15.2,,,"carapi","",""
"327",2020,"Lexus","LS","Base","hev","Sedan","rear wheel drive","",15.2,,,"carapi","",""
"328",2020,"Lexus","LS","Base","ice","Sedan","all wheel drive","",17,,,"carapi","",""
"327",2020,"Lexus","LS","Base","ice","Sedan","rear wheel drive","",17,,,"carapi","",""
"336",2020,"Lexus","NX","Base","hev","SUV","all wheel drive","",16.8,53.7,,"carapi","",""
"337",2020,"Lexus","NX","Luxury","hev","SUV","all wheel drive","",16.8,53.7,,"carapi","",""
"336",2020,"Lexus","NX","Base","ice","SUV","all wheel drive","",17.7,54.6,,"carapi","",""
"337",2020,"Lexus","NX","Luxury","ice","SUV","all wheel drive","",17.7,54.6,,"carapi","",""
"362",2020,"Lexus","RX","Base","hev","SUV","all wheel drive","",18,55.9,,"carapi","",""
"363",2020,"Lexus","RX","Base","hev","SUV","all wheel drive","",7.5,58.5,,"carapi","",""
"364",2020,"Lexus","RX","F SPORT","hev","SUV","all wheel drive","",18,55.9,,"carapi","",""
"365",2020,"Lexus","RX","F SPORT Performance","hev","SUV","all wheel drive","",18,55.9,,"carapi","",""
"366",2020,"Lexus","RX","Luxury","hev","SUV","all wheel drive","",7.5,58.5,,"carapi","",""
"362",2020,"Lexus","RX","Base","ice","SUV","all wheel drive","",18.4,56.3,,"carapi","",""
"363",2020,"Lexus","RX","Base","ice","SUV","all wheel drive","",7.5,58.5,23,"override","https://www.localauto.com/car-research/lexus/rx-350l/2020/specs","Cargo Volume 7.5 | Cargo Volume All Rear Seats Down 58.5 | Cargo Volume Third Row Down Only 23.0"
"364",2020,"Lexus","RX","F SPORT","ice","SUV","all wheel drive","",18.4,56.3,,"carapi","",""
"365",2020,"Lexus","RX","F SPORT Performance","ice","SUV","all wheel drive","",18.4,56.3,,"carapi","",""
"366",2020,"Lexus","RX","Luxury","ice","SUV","all wheel drive","",7.5,58.5,23,"override","https://www.localauto.com/car-research/lexus/rx-350l/2020/specs","Cargo Volume 7.5 | Cargo Volume All Rear Seats Down 58.5 | Cargo Volume Third Row Down Only 23.0"
"410",2020,"Lincoln","MKZ","Hybrid Reserve","hev","Sedan","front wheel drive","",11.1,,,"carapi","",""
"410",2020,"Lincoln","MKZ","Reserve","ice","Sedan","front wheel drive","",15.4,,,"carapi","",""
"481",2020,"Toyota","Avalon","Limited","hev","Sedan","front wheel drive","",16.1,,,"carapi","",""
"482",2020,"Toyota","Avalon","XLE","hev","Sedan","front wheel drive","",16.1,,,"carapi","",""
"483",2020,"Toyota","Avalon","XSE","hev","Sedan","front wheel drive","",16.1,,,"carapi","",""
"481",2020,"Toyota","Avalon","Limited","ice","Sedan","front wheel drive","",16.1,,,"carapi","",""
"482",2020,"Toyota","Avalon","XLE","ice","Sedan","front wheel drive","",16.1,,,"carapi","",""
"483",2020,"Toyota","Avalon","XSE","ice","Sedan","front wheel drive","",16.1,,,"carapi","",""
"511",2020,"Toyota","Camry","LE","hev","Sedan","front wheel drive","",15.1,,,"carapi","",""
"509",2020,"Toyota","Camry","SE","hev","Sedan","front wheel drive","",15.1,,,"carapi","",""
"510",2020,"Toyota","Camry","XLE","hev","Sedan","front wheel drive","",15.1,,,"carapi","",""
"511",2020,"Toyota","Camry","LE","ice","Sedan","front wheel drive","",15.1,,,"carapi","",""
"509",2020,"Toyota","Camry","SE","ice","Sedan","front wheel drive","",15.1,,,"carapi","",""
"510",2020,"Toyota","Camry","XLE","ice","Sedan","front wheel drive","",15.1,,,"carapi","",""
"528",2020,"Toyota","Corolla","LE","hev","Sedan","front wheel drive","",13.1,,,"carapi","",""
"528",2020,"Toyota","Corolla","LE","ice","Sedan","front wheel drive","",13.1,,,"carapi","",""
"590",2020,"Toyota","Highlander","LE","hev","SUV","all wheel drive","",16,84.3,,"carapi","",""
"583",2020,"Toyota","Highlander","LE","hev","SUV","front wheel drive","",16,84.3,,"carapi","",""
"587",2020,"Toyota","Highlander","Limited","hev","SUV","all wheel drive","",16,84.3,,"carapi","",""
"586",2020,"Toyota","Highlander","Limited","hev","SUV","front wheel drive","",16,84.3,,"carapi","",""
"589",2020,"Toyota","Highlander","Platinum","hev","SUV","all wheel drive","",16,84.3,,"carapi","",""
"584",2020,"Toyota","Highlander","Platinum","hev","SUV","front wheel drive","",16,84.3,,"carapi","",""
"588",2020,"Toyota","Highlander","XLE","hev","SUV","all wheel drive","",16,84.3,,"carapi","",""
"585",2020,"Toyota","Highlander","XLE","hev","SUV","front wheel drive","",16,84.3,,"carapi","",""
"590",2020,"Toyota","Highlander","LE","ice","SUV","all wheel drive","",16,84.3,,"carapi","",""
"583",2020,"Toyota","Highlander","LE","ice","SUV","front wheel drive","",16,84.3,,"carapi","",""
"587",2020,"Toyota","Highlander","Limited","ice","SUV","all wheel drive","",16,84.3,,"carapi","",""
"586",2020,"Toyota","Highlander","Limited","ice","SUV","front wheel drive","",16,84.3,,"carapi","",""
"589",2020,"Toyota","Highlander","Platinum","ice","SUV","all wheel drive","",16,84.3,,"carapi","",""
"584",2020,"Toyota","Highlander","Platinum","ice","SUV","front wheel drive","",16,84.3,,"carapi","",""
"588",2020,"Toyota","Highlander","XLE","ice","SUV","all wheel drive","",16,84.3,,"carapi","",""
"585",2020,"Toyota","Highlander","XLE","ice","SUV","front wheel drive","",16,84.3,,"carapi","",""
"642",2020,"Toyota","RAV4","LE","hev","SUV","all wheel drive","",37.6,69.8,,"carapi","",""
"640",2020,"Toyota","RAV4","Limited","hev","SUV","all wheel drive","",37.6,69.8,,"carapi","",""
"641",2020,"Toyota","RAV4","XLE","hev","SUV","all wheel drive","",37.6,69.8,,"carapi","",""
"642",2020,"Toyota","RAV4","LE","ice","SUV","all wheel drive","",37.6,69.8,,"carapi","",""
"640",2020,"Toyota","RAV4","Limited","ice","SUV","all wheel drive","",37.5,69.8,,"carapi","",""
"641",2020,"Toyota","RAV4","XLE","ice","SUV","all wheel drive","",37.5,69.8,,"carapi","",""
"34",2021,"Ford","Escape","SE Hybrid","hev","SUV","all wheel drive","",30.7,60.8,,"carapi","",""
"33",2021,"Ford","Escape","SE Hybrid","hev","SUV","front wheel drive","",30.7,60.8,,"carapi","",""
"36",2021,"Ford","Escape","SEL Hybrid","hev","SUV","all wheel drive","",30.7,60.8,,"carapi","",""
"35",2021,"Ford","Escape","SEL Hybrid","hev","SUV","front wheel drive","",30.7,60.8,,"carapi","",""
"32",2021,"Ford","Escape","Titanium Hybrid","hev","SUV","all wheel drive","",30.7,60.8,,"carapi","",""
"34",2021,"Ford","Escape","SE","ice","SUV","all wheel drive","",33.5,65.4,,"carapi","",""
"33",2021,"Ford","Escape","SE","ice","SUV","front wheel drive","",33.5,65.4,,"carapi","",""
"36",2021,"Ford","Escape","SEL","ice","SUV","all wheel drive","",33.5,65.4,,"carapi","",""
"35",2021,"Ford","Escape","SEL","ice","SUV","front wheel drive","",33.5,65.4,,"carapi","",""
"32",2021,"Ford","Escape","Titanium","ice","SUV","all wheel drive","",33.5,65.4,,"carapi","",""
"60",2021,"Ford","Explorer","Limited Hybrid","hev","SUV","all wheel drive","",18.2,87.8,,"carapi","",""
"59",2021,"Ford","Explorer","Limited Hybrid","hev","SUV","rear wheel drive","",18.2,87.8,,"carapi","",""
"61",2021,"Ford","Explorer","Platinum Hybrid","hev","SUV","all wheel drive","",18.2,87.8,,"carapi","",""
"60",2021,"Ford","Explorer","Limited","ice","SUV","all wheel drive","",18.2,87.8,,"carapi","",""
"59",2021,"Ford","Explorer","Limited","ice","SUV","rear wheel drive","",18.2,87.8,,"carapi","",""
"61",2021,"Ford","Explorer","Platinum","ice","SUV","all wheel drive","",18.2,87.8,,"carapi","",""
"158",2021,"Honda","Accord","Base","hev","Sedan","front wheel drive","",16.7,,,"carapi","",""
"160",2021,"Honda","Accord","EX-L","hev","Sedan","front wheel drive","",16.7,,,"carapi","",""
"159",2021,"Honda","Accord","Touring","hev","Sedan","front wheel drive","",16.7,,,"carapi","",""
"160",2021,"Honda","Accord","EX-L","ice","Sedan","front wheel drive","",16.7,,,"carapi","",""
"158",2021,"Honda","Accord","LX","ice","Sedan","front wheel drive","",16.7,,,"carapi","",""
"159",2021,"Honda","Accord","Touring","ice","Sedan","front wheel drive","",16.7,,,"carapi","",""
"170",2021,"Honda","CR-V","EX","hev","SUV","all wheel drive","",33.2,68.7,,"carapi","",""
"171",2021,"Honda","CR-V","EX-L","hev","SUV","all wheel drive","",33.2,68.7,,"carapi","",""
"169",2021,"Honda","CR-V","Touring","hev","SUV","all wheel drive","",33.2,68.7,,"carapi","",""
"170",2021,"Honda","CR-V","EX","ice","SUV","all wheel drive","",39.2,75.8,,"carapi","",""
"171",2021,"Honda","CR-V","EX-L","ice","SUV","all wheel drive","",39.2,75.8,,"carapi","",""
"169",2021,"Honda","CR-V","Touring","ice","SUV","all wheel drive","",37.6,75.8,,"carapi","",""
"191",2021,"Honda","Civic","LX","hev","Sedan","front wheel drive","",15.1,,,"carapi","",""
"192",2021,"Honda","Civic","Touring","hev","Sedan","front wheel drive","",14.7,,,"carapi","",""
"191",2021,"Honda","Civic","LX","ice","Sedan","front wheel drive","",15.1,,,"carapi","",""
"192",2021,"Honda","Civic","Touring","ice","Sedan","front wheel drive","",14.7,,,"carapi","",""
"193",2021,"Hyundai","Elantra","Limited","hev","Sedan","front wheel drive","",14.2,,,"carapi","",""
"193",2021,"Hyundai","Elantra","Limited","ice","Sedan","front wheel drive","",14.2,,,"carapi","",""
"206",2021,"Hyundai","Santa Fe","Limited","hev","SUV","all wheel drive","",36.4,72.1,,"carapi","",""
"206",2021,"Hyundai","Santa Fe","Limited","ice","SUV","all wheel drive","",36.4,72.1,,"carapi","",""
"229",2021,"Hyundai","Sonata","Limited","hev","Sedan","front wheel drive","",16,,,"carapi","",""
"229",2021,"Hyundai","Sonata","Limited","ice","Sedan","front wheel drive","",16,,,"carapi","",""
"266",2021,"Kia","Sorento","S","hev","SUV","front wheel drive","",12.6,75.5,,"carapi","",""
"266",2021,"Kia","Sorento","S","ice","SUV","front wheel drive","",12.6,75.5,,"carapi","",""
"303",2021,"Lexus","ES","Base","hev","Sedan","front wheel drive","",13.9,,,"carapi","",""
"302",2021,"Lexus","ES","Luxury","hev","Sedan","front wheel drive","",13.9,,,"carapi","",""
"301",2021,"Lexus","ES","Ultra Luxury","hev","Sedan","front wheel drive","",13.9,,,"carapi","",""
"303",2021,"Lexus","ES","Base","ice","Sedan","front wheel drive","",16.7,,,"carapi","",""
"302",2021,"Lexus","ES","Luxury","ice","Sedan","front wheel drive","",16.7,,,"carapi","",""
"301",2021,"Lexus","ES","Ultra Luxury","ice","Sedan","front wheel drive","",16.7,,,"carapi","",""
"339",2021,"Lexus","NX","Base","hev","SUV","all wheel drive","",16.8,53.7,,"carapi","",""
"338",2021,"Lexus","NX","Luxury","hev","SUV","all wheel drive","",16.8,53.7,,"carapi","",""
"339",2021,"Lexus","NX","Base","ice","SUV","all wheel drive","",17.7,54.5,,"carapi","",""
"338",2021,"Lexus","NX","Luxury","ice","SUV","all wheel drive","",17.7,54.5,,"carapi","",""
"368",2021,"Lexus","RX","Base","hev","SUV","all wheel drive","",16,32.6,,"carapi","",""
"370",2021,"Lexus","RX","Base","hev","SUV","all wheel drive","",7.5,58.5,,"carapi","",""
"367",2021,"Lexus","RX","F SPORT","hev","SUV","all wheel drive","",16,32.6,,"carapi","",""
"369",2021,"Lexus","RX","Luxury","hev","SUV","all wheel drive","",7.5,58.5,,"carapi","",""
"368",2021,"Lexus","RX","Base","ice","SUV","all wheel drive","",16,32.7,,"carapi","",""
"370",2021,"Lexus","RX","Base","ice","SUV","all wheel drive","",7.5,58.5,,"carapi","",""
"367",2021,"Lexus","RX","F SPORT","ice","SUV","all wheel drive","",16,32.7,,"carapi","",""
"369",2021,"Lexus","RX","Luxury","ice","SUV","all wheel drive","",7.5,58.5,,"carapi","",""
"484",2021,"Toyota","Avalon","Limited","hev","Sedan","front wheel drive","",16.1,,,"carapi","",""
"485",2021,"Toyota","Avalon","XLE","hev","Sedan","front wheel drive","",16.1,,,"carapi","",""
"484",2021,"Toyota","Avalon","Limited","ice","Sedan","front wheel drive","",16.1,,,"carapi","",""
"485",2021,"Toyota","Avalon","XLE","ice","Sedan","front wheel drive","",16.1,,,"carapi","",""
"512",2021,"Toyota","Camry","LE","hev","Sedan","front wheel drive","",15.1,,,"carapi","",""
"514",2021,"Toyota","Camry","SE","hev","Sedan","front wheel drive","",15.1,,,"carapi","",""
"513",2021,"Toyota","Camry","XLE","hev","Sedan","front wheel drive","",15.1,,,"carapi","",""
"515",2021,"Toyota","Camry","XSE","hev","Sedan","front wheel drive","",15.1,,,"carapi","",""
"512",2021,"Toyota","Camry","LE","ice","Sedan","front wheel drive","",15.1,,,"carapi","",""
"514",2021,"Toyota","Camry","SE","ice","Sedan","front wheel drive","",15.1,,,"carapi","",""
"513",2021,"Toyota","Camry","XLE","ice","Sedan","front wheel drive","",15.1,,,"carapi","",""
"515",2021,"Toyota","Camry","XSE","ice","Sedan","front wheel drive","",15.1,,,"carapi","",""
"529",2021,"Toyota","Corolla","LE","hev","Sedan","front wheel drive","",13.1,,,"carapi","",""
"529",2021,"Toyota","Corolla","LE","ice","Sedan","front wheel drive","",13.1,,,"carapi","",""
"594",2021,"Toyota","Highlander","LE","hev","SUV","all wheel drive","",16,84.3,,"carapi","",""
"598",2021,"Toyota","Highlander","LE","hev","SUV","front wheel drive","",16,84.3,,"carapi","",""
"591",2021,"Toyota","Highlander","Limited","hev","SUV","all wheel drive","",16,84.3,,"carapi","",""
"592",2021,"Toyota","Highlander","Limited","hev","SUV","front wheel drive","",16,84.3,,"carapi","",""
"595",2021,"Toyota","Highlander","Platinum","hev","SUV","all wheel drive","",16,84.3,,"carapi","",""
"597",2021,"Toyota","Highlander","Platinum","hev","SUV","front wheel drive","",16,84.3,,"carapi","",""
"596",2021,"Toyota","Highlander","XLE","hev","SUV","all wheel drive","",16,84.3,,"carapi","",""
"593",2021,"Toyota","Highlander","XLE","hev","SUV","front wheel drive","",16,84.3,,"carapi","",""
"594",2021,"Toyota","Highlander","LE","ice","SUV","all wheel drive","",16,84.3,,"carapi","",""
"598",2021,"Toyota","Highlander","LE","ice","SUV","front wheel drive","",16,84.3,,"carapi","",""
"591",2021,"Toyota","Highlander","Limited","ice","SUV","all wheel drive","",16,84.3,,"carapi","",""
"592",2021,"Toyota","Highlander","Limited","ice","SUV","front wheel drive","",16,84.3,,"carapi","",""
"595",2021,"Toyota","Highlander","Platinum","ice","SUV","all wheel drive","",16,84.3,,"carapi","",""
"597",2021,"Toyota","Highlander","Platinum","ice","SUV","front wheel drive","",16,84.3,,"carapi","",""
"596",2021,"Toyota","Highlander","XLE","ice","SUV","all wheel drive","",16,84.3,,"carapi","",""
"593",2021,"Toyota","Highlander","XLE","ice","SUV","front wheel drive","",16,84.3,,"carapi","",""
"645",2021,"Toyota","RAV4","LE","hev","SUV","all wheel drive","",37.6,69.8,,"carapi","",""
"644",2021,"Toyota","RAV4","Limited","hev","SUV","all wheel drive","",37.6,69.8,,"carapi","",""
"643",2021,"Toyota","RAV4","XLE","hev","SUV","all wheel drive","",37.5,69.8,,"carapi","",""
"646",2021,"Toyota","RAV4","XLE Premium","hev","SUV","all wheel drive","",37.5,69.8,,"carapi","",""
"645",2021,"Toyota","RAV4","LE","ice","SUV","all wheel drive","",37.6,69.8,,"carapi","",""
"644",2021,"Toyota","RAV4","Limited","ice","SUV","all wheel drive","",37.5,69.8,,"carapi","",""
"643",2021,"Toyota","RAV4","XLE","ice","SUV","all wheel drive","",37.5,69.8,,"carapi","",""
"646",2021,"Toyota","RAV4","XLE Premium","ice","SUV","all wheel drive","",37.5,69.8,,"carapi","",""
"40",2022,"Ford","Escape","SE Hybrid","hev","SUV","all wheel drive","",34.4,60.8,,"carapi","",""
"38",2022,"Ford","Escape","SE Hybrid","hev","SUV","front wheel drive","",34.4,60.8,,"carapi","",""
"39",2022,"Ford","Escape","SEL Hybrid","hev","SUV","all wheel drive","",34.4,60.8,,"carapi","",""
"41",2022,"Ford","Escape","SEL Hybrid","hev","SUV","front wheel drive","",34.4,60.8,,"carapi","",""
"37",2022,"Ford","Escape","Titanium Hybrid","hev","SUV","all wheel drive","",34.4,60.8,,"carapi","",""
"40",2022,"Ford","Escape","SE","ice","SUV","all wheel drive","",37.5,65.4,,"carapi","",""
"38",2022,"Ford","Escape","SE","ice","SUV","front wheel drive","",37.5,65.4,,"carapi","",""
"39",2022,"Ford","Escape","SEL","ice","SUV","all wheel drive","",37.5,65.4,,"carapi","",""
"41",2022,"Ford","Escape","SEL","ice","SUV","front wheel drive","",37.5,65.4,,"carapi","",""
"37",2022,"Ford","Escape","Titanium","ice","SUV","all wheel drive","",37.5,65.4,,"carapi","",""
"63",2022,"Ford","Explorer","Limited Hybrid","hev","SUV","all wheel drive","",18.2,87.8,,"carapi","",""
"62",2022,"Ford","Explorer","Limited Hybrid","hev","SUV","rear wheel drive","",18.2,87.8,,"carapi","",""
"64",2022,"Ford","Explorer","Platinum Hybrid","hev","SUV","all wheel drive","",18.2,87.8,,"carapi","",""
"65",2022,"Ford","Explorer","Platinum Hybrid","hev","SUV","rear wheel drive","",18.2,87.8,,"carapi","",""
"63",2022,"Ford","Explorer","Limited","ice","SUV","all wheel drive","",18.2,87.8,,"carapi","",""
"62",2022,"Ford","Explorer","Limited","ice","SUV","rear wheel drive","",18.2,87.8,,"carapi","",""
"64",2022,"Ford","Explorer","Platinum","ice","SUV","all wheel drive","",18.2,87.8,,"carapi","",""
"65",2022,"Ford","Explorer","Platinum","ice","SUV","rear wheel drive","",18.2,87.8,,"carapi","",""
"161",2022,"Honda","Accord","Base","hev","Sedan","front wheel drive","",16.7,,,"carapi","",""
"162",2022,"Honda","Accord","EX-L","hev","Sedan","front wheel drive","",16.7,,,"carapi","",""
"164",2022,"Honda","Accord","Sport","hev","Sedan","front wheel drive","",16.7,,,"carapi","",""
"163",2022,"Honda","Accord","Touring","hev","Sedan","front wheel drive","",16.7,,,"carapi","",""
"162",2022,"Honda","Accord","EX-L","ice","Sedan","front wheel drive","",16.7,,,"carapi","",""
"161",2022,"Honda","Accord","LX","ice","Sedan","front wheel drive","",16.7,,,"carapi","",""
"164",2022,"Honda","Accord","Sport","ice","Sedan","front wheel drive","",16.7,,,"carapi","",""
"163",2022,"Honda","Accord","Touring","ice","Sedan","front wheel drive","",16.7,,,"carapi","",""
"173",2022,"Honda","CR-V","EX","hev","SUV","all wheel drive","",33.2,68.7,,"carapi","",""
"174",2022,"Honda","CR-V","EX-L","hev","SUV","all wheel drive","",33.2,68.7,,"carapi","",""
"172",2022,"Honda","CR-V","Touring","hev","SUV","all wheel drive","",33.2,68.7,,"carapi","",""
"173",2022,"Honda","CR-V","EX","ice","SUV","all wheel drive","",39.2,75.8,,"carapi","",""
"174",2022,"Honda","CR-V","EX-L","ice","SUV","all wheel drive","",39.2,75.8,,"carapi","",""
"172",2022,"Honda","CR-V","Touring","ice","SUV","all wheel drive","",37.6,75.8,,"carapi","",""
"194",2022,"Hyundai","Elantra","Limited","hev","Sedan","front wheel drive","",14.2,,,"carapi","",""
"194",2022,"Hyundai","Elantra","Limited","ice","Sedan","front wheel drive","",14.2,,,"carapi","",""
"207",2022,"Hyundai","Santa Fe","Limited","hev","SUV","all wheel drive","",36.4,72.1,,"carapi","",""
"207",2022,"Hyundai","Santa Fe","Limited","ice","SUV","all wheel drive","",36.4,72.1,,"carapi","",""
"231",2022,"Hyundai","Tucson","Limited Hybrid","hev","SUV","all wheel drive","",38.7,73.3,,"carapi","",""
"231",2022,"Hyundai","Tucson","Limited","ice","SUV","all wheel drive","",38.7,73.8,,"carapi","",""
"268",2022,"Kia","Sorento","EX","hev","SUV","front wheel drive","",12.6,75.5,,"carapi","",""
"267",2022,"Kia","Sorento","S","hev","SUV","front wheel drive","",12.6,75.5,,"carapi","",""
"268",2022,"Kia","Sorento","EX","ice","SUV","front wheel drive","",12.6,75.5,,"carapi","",""
"267",2022,"Kia","Sorento","S","ice","SUV","front wheel drive","",12.6,75.5,,"carapi","",""
"304",2022,"Lexus","ES","Base","hev","Sedan","front wheel drive","",13.9,,,"carapi","",""
"307",2022,"Lexus","ES","F SPORT","hev","Sedan","front wheel drive","",13.9,,,"carapi","",""
"306",2022,"Lexus","ES","Luxury","hev","Sedan","front wheel drive","",13.9,,,"carapi","",""
"305",2022,"Lexus","ES","Ultra Luxury","hev","Sedan","front wheel drive","",13.9,,,"carapi","",""
"304",2022,"Lexus","ES","Base","ice","Sedan","front wheel drive","",13.9,,,"carapi","",""
"307",2022,"Lexus","ES","F SPORT","ice","Sedan","front wheel drive","",13.9,,,"carapi","",""
"306",2022,"Lexus","ES","Luxury","ice","Sedan","front wheel drive","",13.9,,,"carapi","",""
"305",2022,"Lexus","ES","Ultra Luxury","ice","Sedan","front wheel drive","",13.9,,,"carapi","",""
"340",2022,"Lexus","NX","Base","hev","SUV","all wheel drive","",22.7,46.9,,"carapi","",""
"342",2022,"Lexus","NX","Luxury","hev","SUV","all wheel drive","",22.7,46.9,,"carapi","",""
"341",2022,"Lexus","NX","Premium","hev","SUV","all wheel drive","",22.7,46.9,,"carapi","",""
"340",2022,"Lexus","NX","Base","ice","SUV","all wheel drive","",22.7,46.9,,"carapi","",""
"342",2022,"Lexus","NX","Luxury","ice","SUV","all wheel drive","",22.7,46.9,,"carapi","",""
"341",2022,"Lexus","NX","Premium","ice","SUV","all wheel drive","",22.7,46.9,,"carapi","",""
"371",2022,"Lexus","RX","Base","hev","SUV","all wheel drive","",16,32.7,,"carapi","",""
"374",2022,"Lexus","RX","Base","hev","SUV","all wheel drive","",7.5,58.5,,"carapi","",""
"372",2022,"Lexus","RX","F SPORT","hev","SUV","all wheel drive","",16,32.7,,"carapi","",""
"373",2022,"Lexus","RX","Luxury","hev","SUV","all wheel drive","",7.5,58.5,,"carapi","",""
"371",2022,"Lexus","RX","Base","ice","SUV","all wheel drive","",16,32.7,,"carapi","",""
"374",2022,"Lexus","RX","Base","ice","SUV","all wheel drive","",7.5,58.5,,"carapi","",""
"372",2022,"Lexus","RX","F SPORT","ice","SUV","all wheel drive","",16,32.7,,"carapi","",""
"373",2022,"Lexus","RX","Luxury","ice","SUV","all wheel drive","",7.5,58.5,,"carapi","",""
"487",2022,"Toyota","Avalon","Limited","hev","Sedan","front wheel drive","",16.1,,,"carapi","",""
"486",2022,"Toyota","Avalon","XLE","hev","Sedan","front wheel drive","",16.1,,,"carapi","",""
"487",2022,"Toyota","Avalon","Limited","ice","Sedan","front wheel drive","",16.1,,,"carapi","",""
"486",2022,"Toyota","Avalon","XLE","ice","Sedan","front wheel drive","",16.1,,,"carapi","",""
"518",2022,"Toyota","Camry","LE","hev","Sedan","front wheel drive","",15.1,,,"carapi","",""
"517",2022,"Toyota","Camry","SE","hev","Sedan","front wheel drive","",15.1,,,"carapi","",""
"519",2022,"Toyota","Camry","XLE","hev","Sedan","front wheel drive","",15.1,,,"carapi","",""
"516",2022,"Toyota","Camry","XSE","hev","Sedan","front wheel drive","",15.1,,,"carapi","",""
"518",2022,"Toyota","Camry","LE","ice","Sedan","front wheel drive","",15.1,,,"carapi","",""
"517",2022,"Toyota","Camry","SE","ice","Sedan","front wheel drive","",15.1,,,"carapi","",""
"519",2022,"Toyota","Camry","XLE","ice","Sedan","front wheel drive","",15.1,,,"carapi","",""
"516",2022,"Toyota","Camry","XSE","ice","Sedan","front wheel drive","",15.1,,,"carapi","",""
"530",2022,"Toyota","Corolla","LE","hev","Sedan","front wheel drive","",13.1,,,"carapi","",""
"530",2022,"Toyota","Corolla","LE","ice","Sedan","front wheel drive","",13.1,,,"carapi","",""
"605",2022,"Toyota","Highlander","LE","hev","SUV","all wheel drive","",16,84.3,,"carapi","",""
"602",2022,"Toyota","Highlander","LE","hev","SUV","front wheel drive","",16,84.3,,"carapi","",""
"599",2022,"Toyota","Highlander","Limited","hev","SUV","all wheel drive","",16,84.3,,"carapi","",""
"603",2022,"Toyota","Highlander","Limited","hev","SUV","front wheel drive","",16,84.3,,"carapi","",""
"606",2022,"Toyota","Highlander","Platinum","hev","SUV","all wheel drive","",16,84.3,,"carapi","",""
"601",2022,"Toyota","Highlander","Platinum","hev","SUV","front wheel drive","",16,84.3,,"carapi","",""
"600",2022,"Toyota","Highlander","XLE","hev","SUV","all wheel drive","",16,84.3,,"carapi","",""
"604",2022,"Toyota","Highlander","XLE","hev","SUV","front wheel drive","",16,84.3,,"carapi","",""
"605",2022,"Toyota","Highlander","LE","ice","SUV","all wheel drive","",16,84.3,,"carapi","",""
"602",2022,"Toyota","Highlander","LE","ice","SUV","front wheel drive","",16,84.3,,"carapi","",""
"599",2022,"Toyota","Highlander","Limited","ice","SUV","all wheel drive","",16,84.3,,"carapi","",""
"603",2022,"Toyota","Highlander","Limited","ice","SUV","front wheel drive","",16,84.3,,"carapi","",""
"606",2022,"Toyota","Highlander","Platinum","ice","SUV","all wheel drive","",16,84.3,,"carapi","",""
"601",2022,"Toyota","Highlander","Platinum","ice","SUV","front wheel drive","",16,84.3,,"carapi","",""
"600",2022,"Toyota","Highlander","XLE","ice","SUV","all wheel drive","",16,84.3,,"carapi","",""
"604",2022,"Toyota","Highlander","XLE","ice","SUV","front wheel drive","",16,84.3,,"carapi","",""
"649",2022,"Toyota","RAV4","LE","hev","SUV","all wheel drive","",37.6,69.8,,"carapi","",""
"648",2022,"Toyota","RAV4","Limited","hev","SUV","all wheel drive","",37.5,69.8,,"carapi","",""
"647",2022,"Toyota","RAV4","XLE","hev","SUV","all wheel drive","",37.5,69.8,,"carapi","",""
"650",2022,"Toyota","RAV4","XLE Premium","hev","SUV","all wheel drive","",37.5,69.8,,"carapi","",""
"649",2022,"Toyota","RAV4","LE","ice","SUV","all wheel drive","",37.6,69.8,,"carapi","",""
"648",2022,"Toyota","RAV4","Limited","ice","SUV","all wheel drive","",37.5,69.8,,"carapi","",""
"647",2022,"Toyota","RAV4","XLE","ice","SUV","all wheel drive","",37.5,69.8,,"carapi","",""
"650",2022,"Toyota","RAV4","XLE Premium","ice","SUV","all wheel drive","",37.5,69.8,,"carapi","",""
"42",2023,"Ford","Escape","Platinum","hev","SUV","all wheel drive","",34.4,60.8,,"carapi","",""
"43",2023,"Ford","Escape","ST-Line","hev","SUV","front wheel drive","",34.4,60.8,,"carapi","",""
"45",2023,"Ford","Escape","ST-Line Elite","hev","SUV","all wheel drive","",34.4,60.8,,"carapi","",""
"44",2023,"Ford","Escape","ST-Line Select","hev","SUV","all wheel drive","",34.4,60.8,,"carapi","",""
"42",2023,"Ford","Escape","Platinum","ice","SUV","all wheel drive","",37.5,65.4,,"carapi","",""
"43",2023,"Ford","Escape","ST-Line","ice","SUV","front wheel drive","",37.5,65.4,,"carapi","",""
"45",2023,"Ford","Escape","ST-Line Elite","ice","SUV","all wheel drive","",37.5,65.4,,"carapi","",""
"44",2023,"Ford","Escape","ST-Line Select","ice","SUV","all wheel drive","",37.5,65.4,,"carapi","",""
"67",2023,"Ford","Explorer","Limited Hybrid","hev","SUV","all wheel drive","",18.2,87.8,,"carapi","",""
"66",2023,"Ford","Explorer","Limited Hybrid","hev","SUV","rear wheel drive","",18.2,87.8,,"carapi","",""
"69",2023,"Ford","Explorer","Platinum Hybrid","hev","SUV","all wheel drive","",18.2,87.8,,"carapi","",""
"68",2023,"Ford","Explorer","Platinum Hybrid","hev","SUV","rear wheel drive","",18.2,87.8,,"carapi","",""
"67",2023,"Ford","Explorer","Limited","ice","SUV","all wheel drive","",18.2,87.8,,"carapi","",""
"66",2023,"Ford","Explorer","Limited","ice","SUV","rear wheel drive","",18.2,87.8,,"carapi","",""
"69",2023,"Ford","Explorer","Platinum","ice","SUV","all wheel drive","",18.2,87.8,,"carapi","",""
"68",2023,"Ford","Explorer","Platinum","ice","SUV","rear wheel drive","",18.2,87.8,,"carapi","",""
"195",2023,"Hyundai","Elantra","Limited","hev","Sedan","front wheel drive","",14.2,,,"carapi","",""
"195",2023,"Hyundai","Elantra","Limited","ice","Sedan","front wheel drive","",14.2,,,"carapi","",""
"208",2023,"Hyundai","Santa Fe","Limited","hev","SUV","all wheel drive","",36.4,72.1,,"carapi","",""
"208",2023,"Hyundai","Santa Fe","Limited","ice","SUV","all wheel drive","",36.4,72.1,,"carapi","",""
"230",2023,"Hyundai","Sonata","Limited","hev","Sedan","front wheel drive","",16,,,"carapi","",""
"230",2023,"Hyundai","Sonata","Limited","ice","Sedan","front wheel drive","",16,,,"carapi","",""
"232",2023,"Hyundai","Tucson","Limited Hybrid","hev","SUV","all wheel drive","",38.7,74.5,,"carapi","",""
"232",2023,"Hyundai","Tucson","Limited","ice","SUV","all wheel drive","",38.7,74.8,,"carapi","",""
"269",2023,"Kia","Sorento","EX","hev","SUV","front wheel drive","",12.6,75.5,,"carapi","",""
"269",2023,"Kia","Sorento","EX","ice","SUV","front wheel drive","",12.6,75.5,,"carapi","",""
"279",2023,"Kia","Sportage","EX","hev","SUV","all wheel drive","",39.5,73.7,,"carapi","",""
"278",2023,"Kia","Sportage","LX","hev","SUV","all wheel drive","",39.5,73.7,,"carapi","",""
"277",2023,"Kia","Sportage","LX","hev","SUV","front wheel drive","",39.5,73.7,,"carapi","",""
"279",2023,"Kia","Sportage","EX","ice","SUV","all wheel drive","",39.6,74.1,,"carapi","",""
"278",2023,"Kia","Sportage","LX","ice","SUV","all wheel drive","",39.6,74.1,,"carapi","",""
"277",2023,"Kia","Sportage","LX","ice","SUV","front wheel drive","",39.6,74.1,,"carapi","",""
"312",2023,"Lexus","ES","Base","hev","Sedan","front wheel drive","",13.9,,,"carapi","",""
"308",2023,"Lexus","ES","F SPORT Design","hev","Sedan","front wheel drive","",13.9,,,"carapi","",""
"311",2023,"Lexus","ES","F SPORT Handling","hev","Sedan","front wheel drive","",13.9,,,"carapi","",""
"310",2023,"Lexus","ES","Luxury","hev","Sedan","front wheel drive","",13.9,,,"carapi","",""
"309",2023,"Lexus","ES","Ultra Luxury","hev","Sedan","front wheel drive","",13.9,,,"carapi","",""
"312",2023,"Lexus","ES","Base","ice","Sedan","front wheel drive","",13.9,,,"carapi","",""
"308",2023,"Lexus","ES","F SPORT Design","ice","Sedan","front wheel drive","",13.9,,,"carapi","",""
"311",2023,"Lexus","ES","F SPORT Handling","ice","Sedan","front wheel drive","",13.9,,,"carapi","",""
"310",2023,"Lexus","ES","Luxury","ice","Sedan","front wheel drive","",13.9,,,"carapi","",""
"309",2023,"Lexus","ES","Ultra Luxury","ice","Sedan","front wheel drive","",13.9,,,"carapi","",""
"343",2023,"Lexus","NX","Base","hev","SUV","all wheel drive","",22.7,46.9,,"carapi","",""
"345",2023,"Lexus","NX","Luxury","hev","SUV","all wheel drive","",22.7,46.9,,"carapi","",""
"344",2023,"Lexus","NX","Premium","hev","SUV","all wheel drive","",22.7,46.9,,"carapi","",""
"343",2023,"Lexus","NX","Base","ice","SUV","all wheel drive","",22.7,46.9,,"carapi","",""
"345",2023,"Lexus","NX","Luxury","ice","SUV","all wheel drive","",22.7,46.9,,"carapi","",""
"344",2023,"Lexus","NX","Premium","ice","SUV","all wheel drive","",22.7,46.9,,"carapi","",""
"375",2023,"Lexus","RX","Base","hev","SUV","all wheel drive","",29.6,46.2,,"carapi","",""
"378",2023,"Lexus","RX","Luxury","hev","SUV","all wheel drive","",29.6,46.2,,"carapi","",""
"376",2023,"Lexus","RX","Premium","hev","SUV","all wheel drive","",29.6,46.2,,"carapi","",""
"377",2023,"Lexus","RX","Premium Plus","hev","SUV","all wheel drive","",29.6,46.2,,"carapi","",""
"375",2023,"Lexus","RX","Base","ice","SUV","all wheel drive","",29.6,46.2,,"carapi","",""
"378",2023,"Lexus","RX","Luxury","ice","SUV","all wheel drive","",29.6,46.2,,"carapi","",""
"376",2023,"Lexus","RX","Premium","ice","SUV","all wheel drive","",29.6,46.2,,"carapi","",""
"377",2023,"Lexus","RX","Premium Plus","ice","SUV","all wheel drive","",29.6,46.2,,"carapi","",""
"521",2023,"Toyota","Camry","LE","hev","Sedan","front wheel drive","",15.1,,,"carapi","",""
"523",2023,"Toyota","Camry","SE","hev","Sedan","front wheel drive","",15.1,,,"carapi","",""
"522",2023,"Toyota","Camry","XLE","hev","Sedan","front wheel drive","",15.1,,,"carapi","",""
"520",2023,"Toyota","Camry","XSE","hev","Sedan","front wheel drive","",15.1,,,"carapi","",""
"521",2023,"Toyota","Camry","LE","ice","Sedan","front wheel drive","",15.1,,,"carapi","",""
"523",2023,"Toyota","Camry","SE","ice","Sedan","front wheel drive","",15.1,,,"carapi","",""
"522",2023,"Toyota","Camry","XLE","ice","Sedan","front wheel drive","",15.1,,,"carapi","",""
"520",2023,"Toyota","Camry","XSE","ice","Sedan","front wheel drive","",15.1,,,"carapi","",""
"531",2023,"Toyota","Corolla","LE","hev","Sedan","front wheel drive","",13.1,,,"carapi","",""
"532",2023,"Toyota","Corolla","SE","hev","Sedan","front wheel drive","",13.1,,,"carapi","",""
"531",2023,"Toyota","Corolla","LE","ice","Sedan","front wheel drive","",13.1,,,"carapi","",""
"532",2023,"Toyota","Corolla","SE","ice","Sedan","front wheel drive","",13.1,,,"carapi","",""
"540",2023,"Toyota","Corolla Cross","S","hev","SUV","all wheel drive","",21.5,61.8,,"carapi","",""
"541",2023,"Toyota","Corolla Cross","SE","hev","SUV","all wheel drive","",21.5,61.8,,"carapi","",""
"542",2023,"Toyota","Corolla Cross","XSE","hev","SUV","all wheel drive","",21.5,61.8,,"carapi","",""
"540",2023,"Toyota","Corolla Cross","L","ice","SUV","all wheel drive","",25.2,,,"carapi","",""
"541",2023,"Toyota","Corolla Cross","LE","ice","SUV","all wheel drive","",25.2,,,"carapi","",""
"542",2023,"Toyota","Corolla Cross","XLE","ice","SUV","all wheel drive","",25.2,,,"carapi","",""
"609",2023,"Toyota","Highlander","LE","hev","SUV","all wheel drive","",16,84.3,,"carapi","",""
"607",2023,"Toyota","Highlander","LE","hev","SUV","front wheel drive","",16,84.3,,"carapi","",""
"614",2023,"Toyota","Highlander","Limited","hev","SUV","all wheel drive","",16,84.3,,"carapi","",""
"613",2023,"Toyota","Highlander","Limited","hev","SUV","front wheel drive","",16,84.3,,"carapi","",""
"610",2023,"Toyota","Highlander","Platinum","hev","SUV","all wheel drive","",16,84.3,,"carapi","",""
"612",2023,"Toyota","Highlander","Platinum","hev","SUV","front wheel drive","",16,84.3,,"carapi","",""
"611",2023,"Toyota","Highlander","XLE","hev","SUV","all wheel drive","",16,84.3,,"carapi","",""
"608",2023,"Toyota","Highlander","XLE","hev","SUV","front wheel drive","",16,84.3,,"carapi","",""
"609",2023,"Toyota","Highlander","LE","ice","SUV","all wheel drive","",16,84.3,,"carapi","",""
"607",2023,"Toyota","Highlander","LE","ice","SUV","front wheel drive","",16,84.3,,"carapi","",""
"614",2023,"Toyota","Highlander","Limited","ice","SUV","all wheel drive","",16,84.3,,"carapi","",""
"613",2023,"Toyota","Highlander","Limited","ice","SUV","front wheel drive","",16,84.3,,"carapi","",""
"610",2023,"Toyota","Highlander","Platinum","ice","SUV","all wheel drive","",16,84.3,,"carapi","",""
"612",2023,"Toyota","Highlander","Platinum","ice","SUV","front wheel drive","",16,84.3,,"carapi","",""
"611",2023,"Toyota","Highlander","XLE","ice","SUV","all wheel drive","",16,84.3,,"carapi","",""
"608",2023,"Toyota","Highlander","XLE","ice","SUV","front wheel drive","",16,84.3,,"carapi","",""
"651",2023,"Toyota","RAV4","LE","hev","SUV","all wheel drive","",37.6,69.8,,"carapi","",""
"652",2023,"Toyota","RAV4","Limited","hev","SUV","all wheel drive","",37.5,69.8,,"carapi","",""
"654",2023,"Toyota","RAV4","XLE","hev","SUV","all wheel drive","",37.5,69.8,,"carapi","",""
"653",2023,"Toyota","RAV4","XLE Premium","hev","SUV","all wheel drive","",37.5,69.8,,"carapi","",""
"651",2023,"Toyota","RAV4","LE","ice","SUV","all wheel drive","",37.6,69.8,,"carapi","",""
"652",2023,"Toyota","RAV4","Limited","ice","SUV","all wheel drive","",37.5,69.8,,"carapi","",""
"654",2023,"Toyota","RAV4","XLE","ice","SUV","all wheel drive","",37.5,69.8,,"carapi","",""
"653",2023,"Toyota","RAV4","XLE Premium","ice","SUV","all wheel drive","",37.5,69.8,,"carapi","",""
"49",2024,"Ford","Escape","Platinum","hev","SUV","all wheel drive","",34.4,60.8,,"lookup_shared","https://www.edmunds.com/ford/escape/2024/hybrid/st-402009061/features-specs/","Cargo capacity, all seats in place|34.4 cu.ft.|Maximum cargo capacity|60.8 cu.ft."
"48",2024,"Ford","Escape","ST-Line","hev","SUV","front wheel drive","",34.4,60.8,,"lookup_shared","https://www.edmunds.com/ford/escape/2024/hybrid/st-402009061/features-specs/","Cargo capacity, all seats in place|34.4 cu.ft.|Maximum cargo capacity|60.8 cu.ft."
"47",2024,"Ford","Escape","ST-Line Elite","hev","SUV","all wheel drive","",34.4,60.8,,"lookup_shared","https://www.edmunds.com/ford/escape/2024/hybrid/st-402009061/features-specs/","Cargo capacity, all seats in place|34.4 cu.ft.|Maximum cargo capacity|60.8 cu.ft."
"46",2024,"Ford","Escape","ST-Line Select","hev","SUV","all wheel drive","",34.4,60.8,,"lookup_shared","https://www.edmunds.com/ford/escape/2024/hybrid/st-402009061/features-specs/","Cargo capacity, all seats in place|34.4 cu.ft.|Maximum cargo capacity|60.8 cu.ft."
"49",2024,"Ford","Escape","Platinum","ice","SUV","all wheel drive","",37.5,65.4,,"lookup_shared","https://www.edmunds.com/ford/escape/2024/st-401972114/features-specs/","Cargo capacity, all seats in place|37.5 cu.ft.|Maximum cargo capacity|65.4 cu.ft."
"48",2024,"Ford","Escape","ST-Line","ice","SUV","front wheel drive","",37.5,65.4,,"lookup_shared","https://www.edmunds.com/ford/escape/2024/st-401972114/features-specs/","Cargo capacity, all seats in place|37.5 cu.ft.|Maximum cargo capacity|65.4 cu.ft."
"47",2024,"Ford","Escape","ST-Line Elite","ice","SUV","all wheel drive","",37.5,65.4,,"lookup_shared","https://www.edmunds.com/ford/escape/2024/st-401972114/features-specs/","Cargo capacity, all seats in place|37.5 cu.ft.|Maximum cargo capacity|65.4 cu.ft."
"46",2024,"Ford","Escape","ST-Line Select","ice","SUV","all wheel drive","",37.5,65.4,,"lookup_shared","https://www.edmunds.com/ford/escape/2024/st-401972114/features-specs/","Cargo capacity, all seats in place|37.5 cu.ft.|Maximum cargo capacity|65.4 cu.ft."
"176",2024,"Honda","CR-V","Sport Hybrid","hev","SUV","all wheel drive","",36.3,76.5,,"lookup_exact","https://www.hondainfocenter.com/2024/cr-v/feature-guide/specifications/","Cargo Volume (rear seat up/down)* ... Sport Hybrid ... 36.3 cu ft / 76.5 cu ft"
"175",2024,"Honda","CR-V","Sport Hybrid","hev","SUV","front wheel drive","",36.3,76.5,,"lookup_exact","https://www.hondainfocenter.com/2024/cr-v/feature-guide/specifications/","Cargo Volume (rear seat up/down)* ... Sport Hybrid ... 36.3 cu ft / 76.5 cu ft"
"178",2024,"Honda","CR-V","Sport-L Hybrid","hev","SUV","all wheel drive","",36.3,76.5,,"lookup_exact","https://www.hondainfocenter.com/2024/cr-v/feature-guide/specifications/","Cargo Volume (rear seat up/down)* ... Sport-L Hybrid ... 36.3 cu ft / 76.5 cu ft"
"177",2024,"Honda","CR-V","Sport-L Hybrid","hev","SUV","front wheel drive","",36.3,76.5,,"lookup_exact","https://www.hondainfocenter.com/2024/cr-v/feature-guide/specifications/","Cargo Volume (rear seat up/down)* ... Sport-L Hybrid ... 36.3 cu ft / 76.5 cu ft"
"176",2024,"Honda","CR-V","EX","ice","SUV","all wheel drive","",39.3,76.5,,"lookup_exact","https://www.hondainfocenter.com/2024/cr-v/feature-guide/specifications/","Cargo Volume (rear seat up/down)* ... EX ... 39.3 cu ft / 76.5 cu ft"
"175",2024,"Honda","CR-V","EX","ice","SUV","front wheel drive","",39.3,76.5,,"lookup_exact","https://www.hondainfocenter.com/2024/cr-v/feature-guide/specifications/","Cargo Volume (rear seat up/down)* ... EX ... 39.3 cu ft / 76.5 cu ft"
"178",2024,"Honda","CR-V","EX-L","ice","SUV","all wheel drive","",39.3,76.5,,"lookup_exact","https://www.hondainfocenter.com/2024/cr-v/feature-guide/specifications/","Cargo Volume (rear seat up/down)* ... EX-L ... 39.3 cu ft / 76.5 cu ft"
"177",2024,"Honda","CR-V","EX-L","ice","SUV","front wheel drive","",39.3,76.5,,"lookup_exact","https://www.hondainfocenter.com/2024/cr-v/feature-guide/specifications/","Cargo Volume (rear seat up/down)* ... EX-L ... 39.3 cu ft / 76.5 cu ft"
"214",2024,"Hyundai","Santa Fe","Calligraphy Hybrid","hev","SUV","all wheel drive","",14.6,79.6,40.5,"lookup_shared","https://www.edmunds.com/hyundai/santa-fe/2024/hybrid/","There's 14.6 cubic feet of cargo space behind the third row... fold down the third row, opening up a cavernous 40.5 cubic feet. Fold the second row and you get nearly 80 cubic feet"
"209",2024,"Hyundai","Santa Fe","Calligraphy Hybrid","hev","SUV","front wheel drive","",14.6,79.6,40.5,"lookup_shared","https://www.edmunds.com/hyundai/santa-fe/2024/hybrid/","There's 14.6 cubic feet of cargo space behind the third row... fold down the third row, opening up a cavernous 40.5 cubic feet. Fold the second row and you get nearly 80 cubic feet"
"212",2024,"Hyundai","Santa Fe","Limited Hybrid","hev","SUV","all wheel drive","",14.6,79.6,40.5,"lookup_shared","https://www.edmunds.com/hyundai/santa-fe/2024/hybrid/","There's 14.6 cubic feet of cargo space behind the third row... fold down the third row, opening up a cavernous 40.5 cubic feet. Fold the second row and you get nearly 80 cubic feet"
"210",2024,"Hyundai","Santa Fe","Limited Hybrid","hev","SUV","front wheel drive","",14.6,79.6,40.5,"lookup_shared","https://www.edmunds.com/hyundai/santa-fe/2024/hybrid/","There's 14.6 cubic feet of cargo space behind the third row... fold down the third row, opening up a cavernous 40.5 cubic feet. Fold the second row and you get nearly 80 cubic feet"
"213",2024,"Hyundai","Santa Fe","SEL Hybrid","hev","SUV","all wheel drive","",14.6,79.6,40.5,"lookup_shared","https://www.edmunds.com/hyundai/santa-fe/2024/hybrid/","There's 14.6 cubic feet of cargo space behind the third row... fold down the third row, opening up a cavernous 40.5 cubic feet. Fold the second row and you get nearly 80 cubic feet"
"211",2024,"Hyundai","Santa Fe","SEL Hybrid","hev","SUV","front wheel drive","",14.6,79.6,40.5,"lookup_shared","https://www.edmunds.com/hyundai/santa-fe/2024/hybrid/","There's 14.6 cubic feet of cargo space behind the third row... fold down the third row, opening up a cavernous 40.5 cubic feet. Fold the second row and you get nearly 80 cubic feet"
"214",2024,"Hyundai","Santa Fe","Calligraphy","ice","SUV","all wheel drive","",14.6,79.6,40.5,"lookup_shared","https://www.thecarconnection.com/news/1142610_first-drive-2024-hyundai-santa-fe-creeps-up-in-size-and-utility","The new Santa Fe has 14.6 cubic feet behind the third row ... 40.5 cubic feet with the third row folded flat, and 79.6 cubes with the second and third rows folded down."
"209",2024,"Hyundai","Santa Fe","Calligraphy","ice","SUV","front wheel drive","",14.6,79.6,40.5,"lookup_shared","https://www.thecarconnection.com/news/1142610_first-drive-2024-hyundai-santa-fe-creeps-up-in-size-and-utility","The new Santa Fe has 14.6 cubic feet behind the third row ... 40.5 cubic feet with the third row folded flat, and 79.6 cubes with the second and third rows folded down."
"212",2024,"Hyundai","Santa Fe","Limited","ice","SUV","all wheel drive","",14.6,79.6,40.5,"lookup_shared","https://www.thecarconnection.com/news/1142610_first-drive-2024-hyundai-santa-fe-creeps-up-in-size-and-utility","The new Santa Fe has 14.6 cubic feet behind the third row ... 40.5 cubic feet with the third row folded flat, and 79.6 cubes with the second and third rows folded down."
"210",2024,"Hyundai","Santa Fe","Limited","ice","SUV","front wheel drive","",14.6,79.6,40.5,"lookup_shared","https://www.thecarconnection.com/news/1142610_first-drive-2024-hyundai-santa-fe-creeps-up-in-size-and-utility","The new Santa Fe has 14.6 cubic feet behind the third row ... 40.5 cubic feet with the third row folded flat, and 79.6 cubes with the second and third rows folded down."
"213",2024,"Hyundai","Santa Fe","SEL","ice","SUV","all wheel drive","",14.6,79.6,40.5,"lookup_shared","https://www.thecarconnection.com/news/1142610_first-drive-2024-hyundai-santa-fe-creeps-up-in-size-and-utility","The new Santa Fe has 14.6 cubic feet behind the third row ... 40.5 cubic feet with the third row folded flat, and 79.6 cubes with the second and third rows folded down."
"211",2024,"Hyundai","Santa Fe","SEL","ice","SUV","front wheel drive","",14.6,79.6,40.5,"lookup_shared","https://www.thecarconnection.com/news/1142610_first-drive-2024-hyundai-santa-fe-creeps-up-in-size-and-utility","The new Santa Fe has 14.6 cubic feet behind the third row ... 40.5 cubic feet with the third row folded flat, and 79.6 cubes with the second and third rows folded down."
"233",2024,"Hyundai","Tucson","Limited Hybrid","hev","SUV","all wheel drive","",38.7,74.5,,"lookup_shared","https://www.edmunds.com/hyundai/tucson/2024/st-401991595/features-specs/","Cargo capacity, all seats in place|38.7 cu.ft.|Maximum cargo capacity|74.5 cu.ft."
"233",2024,"Hyundai","Tucson","Limited","ice","SUV","all wheel drive","",38.7,74.8,,"lookup_shared","https://www.edmunds.com/hyundai/tucson/2024/features-specs/","Cargo capacity, all seats in place|38.7 cu.ft.|Maximum cargo capacity|74.8 cu.ft."
"271",2024,"Kia","Sorento","EX","hev","SUV","front wheel drive","",12.6,75.5,38.5,"lookup_shared","https://www.caranddriver.com/kia/sorento-hybrid/specs/2024/kia_sorento-hybrid_kia-sorento-hybrid_2024","Cargo Space/Area Behind Front Row (cubic feet) 75.5; Behind Second Row 38.5; Behind Third Row 12.6"
"271",2024,"Kia","Sorento","EX","ice","SUV","front wheel drive","",12.6,75.5,38.5,"lookup_shared","https://www.kiamedia.com/us/en/models/sorento/2024/specifications","Cargo volume behind 3rd-row (cu. ft.) (SAE) 12.6; behind 2nd-row 38.5-45.0; behind 1st-row 75.5"
"282",2024,"Kia","Sportage","EX","hev","SUV","all wheel drive","",39.5,73.7,,"lookup_shared","https://www.edmunds.com/kia/sportage-hybrid/2024/features-specs/","Cargo capacity, all seats in place|39.5 cu.ft.|Maximum cargo capacity|73.7 cu.ft."
"280",2024,"Kia","Sportage","LX","hev","SUV","all wheel drive","",39.5,73.7,,"lookup_shared","https://www.edmunds.com/kia/sportage-hybrid/2024/features-specs/","Cargo capacity, all seats in place|39.5 cu.ft.|Maximum cargo capacity|73.7 cu.ft."
"281",2024,"Kia","Sportage","LX","hev","SUV","front wheel drive","",39.5,73.7,,"lookup_shared","https://www.edmunds.com/kia/sportage-hybrid/2024/features-specs/","Cargo capacity, all seats in place|39.5 cu.ft.|Maximum cargo capacity|73.7 cu.ft."
"282",2024,"Kia","Sportage","EX","ice","SUV","all wheel drive","",39.6,74.1,,"lookup_shared","https://www.edmunds.com/kia/sportage/2024/st-402003982/features-specs/","Cargo capacity, all seats in place|39.6 cu.ft.|Maximum cargo capacity|74.1 cu.ft."
"280",2024,"Kia","Sportage","LX","ice","SUV","all wheel drive","",39.6,74.1,,"lookup_shared","https://www.edmunds.com/kia/sportage/2024/st-402003982/features-specs/","Cargo capacity, all seats in place|39.6 cu.ft.|Maximum cargo capacity|74.1 cu.ft."
"281",2024,"Kia","Sportage","LX","ice","SUV","front wheel drive","",39.6,74.1,,"lookup_shared","https://www.edmunds.com/kia/sportage/2024/st-402003982/features-specs/","Cargo capacity, all seats in place|39.6 cu.ft.|Maximum cargo capacity|74.1 cu.ft."
"313",2024,"Lexus","ES","300h","hev","Sedan","front wheel drive","",13.9,,,"lookup_exact","https://www.edmunds.com/lexus/es/2024/st-402001493/features-specs/","Cargo capacity, all seats in place|13.9 cu.ft."
"317",2024,"Lexus","ES","300h F SPORT Design","hev","Sedan","front wheel drive","",13.9,,,"lookup_shared","https://www.edmunds.com/lexus/es/2024/st-402001493/features-specs/","Cargo capacity, all seats in place|13.9 cu.ft."
"314",2024,"Lexus","ES","300h F SPORT Handling","hev","Sedan","front wheel drive","",13.9,,,"lookup_shared","https://www.edmunds.com/lexus/es/2024/st-402001493/features-specs/","Cargo capacity, all seats in place|13.9 cu.ft."
"315",2024,"Lexus","ES","300h Luxury","hev","Sedan","front wheel drive","",13.9,,,"lookup_shared","https://www.edmunds.com/lexus/es/2024/st-402001493/features-specs/","Cargo capacity, all seats in place|13.9 cu.ft."
"316",2024,"Lexus","ES","300h Ultra Luxury","hev","Sedan","front wheel drive","",13.9,,,"lookup_shared","https://www.edmunds.com/lexus/es/2024/st-402001493/features-specs/","Cargo capacity, all seats in place|13.9 cu.ft."
"313",2024,"Lexus","ES","350","ice","Sedan","front wheel drive","",13.9,,,"lookup_exact","https://www.edmunds.com/lexus/es/2024/st-402001489/features-specs/","Cargo capacity, all seats in place|13.9 cu.ft."
"317",2024,"Lexus","ES","350 F SPORT Design","ice","Sedan","front wheel drive","",13.9,,,"lookup_shared","https://www.edmunds.com/lexus/es/2024/st-402001489/features-specs/","Cargo capacity, all seats in place|13.9 cu.ft."
"314",2024,"Lexus","ES","350 F SPORT Handling","ice","Sedan","front wheel drive","",13.9,,,"lookup_shared","https://www.edmunds.com/lexus/es/2024/st-402001489/features-specs/","Cargo capacity, all seats in place|13.9 cu.ft."
"315",2024,"Lexus","ES","350 Luxury","ice","Sedan","front wheel drive","",13.9,,,"lookup_shared","https://www.edmunds.com/lexus/es/2024/st-402001489/features-specs/","Cargo capacity, all seats in place|13.9 cu.ft."
"316",2024,"Lexus","ES","350 Ultra Luxury","ice","Sedan","front wheel drive","",13.9,,,"lookup_shared","https://www.edmunds.com/lexus/es/2024/st-402001489/features-specs/","Cargo capacity, all seats in place|13.9 cu.ft."
"347",2024,"Lexus","NX","350h","hev","SUV","all wheel drive","",22.7,46.9,,"lookup_shared","https://www.edmunds.com/lexus/nx/2024/st-402001093/features-specs/","Cargo capacity, all seats in place|22.7 cu.ft.| Maximum cargo capacity|46.9 cu.ft."
"348",2024,"Lexus","NX","350h Luxury","hev","SUV","all wheel drive","",22.7,46.9,,"lookup_shared","https://www.edmunds.com/lexus/nx/2024/st-402001092/features-specs/","Cargo capacity, all seats in place|22.7 cu.ft.| Maximum cargo capacity|46.9 cu.ft."
"346",2024,"Lexus","NX","350h Premium","hev","SUV","all wheel drive","",22.7,46.9,,"lookup_exact","https://www.edmunds.com/lexus/nx/2024/st-402001092/features-specs/","Cargo capacity, all seats in place|22.7 cu.ft.| Maximum cargo capacity|46.9 cu.ft."
"347",2024,"Lexus","NX","250","ice","SUV","all wheel drive","",22.7,46.9,,"lookup_exact","https://www.edmunds.com/lexus/nx/2024/st-402001082/features-specs/","Cargo capacity, all seats in place|22.7 cu.ft.| Maximum cargo capacity|46.9 cu.ft."
"346",2024,"Lexus","NX","250 Premium","ice","SUV","all wheel drive","",22.7,46.9,,"lookup_shared","https://www.edmunds.com/lexus/nx/2024/st-402001082/features-specs/","Cargo capacity, all seats in place|22.7 cu.ft.| Maximum cargo capacity|46.9 cu.ft."
"348",2024,"Lexus","NX","350 Luxury","ice","SUV","all wheel drive","",22.7,46.9,,"lookup_exact","https://www.edmunds.com/lexus/nx/2024/st-402001088/features-specs/","Cargo capacity, all seats in place|22.7 cu.ft.| Maximum cargo capacity|46.9 cu.ft."
"381",2024,"Lexus","RX","350h","hev","SUV","all wheel drive","",29.6,46.2,,"lookup_exact","https://www.edmunds.com/lexus/rx/2024/st-402006593/features-specs/","Cargo capacity, all seats in place|29.6 cu.ft.| Maximum cargo capacity|46.2 cu.ft."
"382",2024,"Lexus","RX","350h Luxury","hev","SUV","all wheel drive","",29.6,46.2,,"lookup_shared","https://www.edmunds.com/lexus/rx/2024/st-402006591/features-specs/","Cargo capacity, all seats in place|29.6 cu.ft.| Maximum cargo capacity|46.2 cu.ft."
"380",2024,"Lexus","RX","350h Premium","hev","SUV","all wheel drive","",29.6,46.2,,"lookup_shared","https://www.edmunds.com/lexus/rx/2024/st-402006591/features-specs/","Cargo capacity, all seats in place|29.6 cu.ft.| Maximum cargo capacity|46.2 cu.ft."
"379",2024,"Lexus","RX","350h Premium Plus","hev","SUV","all wheel drive","",29.6,46.2,,"lookup_exact","https://www.edmunds.com/lexus/rx/2024/st-402006591/features-specs/","Cargo capacity, all seats in place|29.6 cu.ft.| Maximum cargo capacity|46.2 cu.ft."
"381",2024,"Lexus","RX","350","ice","SUV","all wheel drive","",29.6,46.2,,"lookup_exact","https://www.edmunds.com/lexus/rx/2024/st-402006640/features-specs/","Cargo capacity, all seats in place|29.6 cu.ft.| Maximum cargo capacity|46.2 cu.ft."
"382",2024,"Lexus","RX","350 Luxury","ice","SUV","all wheel drive","",29.6,46.2,,"lookup_shared","https://www.edmunds.com/lexus/rx/2024/st-402006640/features-specs/","Cargo capacity, all seats in place|29.6 cu.ft.| Maximum cargo capacity|46.2 cu.ft."
"380",2024,"Lexus","RX","350 Premium","ice","SUV","all wheel drive","",29.6,46.2,,"lookup_shared","https://www.edmunds.com/lexus/rx/2024/st-402006640/features-specs/","Cargo capacity, all seats in place|29.6 cu.ft.| Maximum cargo capacity|46.2 cu.ft."
"379",2024,"Lexus","RX","350 Premium Plus","ice","SUV","all wheel drive","",29.6,46.2,,"lookup_shared","https://www.edmunds.com/lexus/rx/2024/st-402006640/features-specs/","Cargo capacity, all seats in place|29.6 cu.ft.| Maximum cargo capacity|46.2 cu.ft."
"411",2024,"Lincoln","Nautilus","Black Label","hev","SUV","all wheel drive","",35.2,68.8,,"lookup_exact","https://www.thedrive.com/car-reviews/2024-lincoln-nautilus-first-drive-review","For a nominal $1,500 upgrade on any trim level, you get 50 more horsepower and six additional combined mpg. | add a hybrid configuration ... for an additional $1,500. This goes for the base Premiere, Reserve, and the highest trim: Black Label. | Starting MSRP [Hybrid Black Label] $75,965 | Starting MSRP [Black Label gas] $74,465"
"412",2024,"Lincoln","Nautilus","Premiere","hev","SUV","all wheel drive","",36.4,71.3,,"lookup_exact","https://media.lincoln.com/content/lincolnmedia/lna/us/en/news/2023/04/17/sanctuary-for-the-senses--all-new-lincoln-nautilus-debuts-with-r.html","The all-new global Nautilus is available now in North America with a starting MSRP of $50,415.15 Clients can visit www.lincoln.com for more information. | For a nominal $1,500 upgrade on any trim level, you get 50 more horsepower and six additional combined mpg. | MSRP $50,415 (+ $1,500 for hybrid engine) | Starting MSRP [Hybrid Premiere] $51,915 | Starting MSRP [Premiere gas] $50,415 | Curb Weigh"
"413",2024,"Lincoln","Nautilus","Reserve","hev","SUV","all wheel drive","",35.2,68.8,,"lookup_exact","https://www.thedrive.com/car-reviews/2024-lincoln-nautilus-first-drive-review","For a nominal $1,500 upgrade on any trim level, you get 50 more horsepower and six additional combined mpg. | With the 2024 Lincoln Nautilus, you will have the choice to add a hybrid configuration to your vehicle for an additional $1,500. This goes for the base Premiere, Reserve, and the highest trim: Black Label. | Starting MSRP [Hybrid Reserve] $56,250 | Starting MSRP [Reserve gas] $54,750 | Car"
"411",2024,"Lincoln","Nautilus","Black Label","ice","SUV","all wheel drive","",35.2,68.8,,"lookup_exact","https://www.thedrive.com/car-reviews/2024-lincoln-nautilus-first-drive-review","For a nominal $1,500 upgrade on any trim level, you get 50 more horsepower and six additional combined mpg. | add a hybrid configuration ... for an additional $1,500. This goes for the base Premiere, Reserve, and the highest trim: Black Label. | Starting MSRP [Hybrid Black Label] $75,965 | Starting MSRP [Black Label gas] $74,465"
"412",2024,"Lincoln","Nautilus","Premiere","ice","SUV","all wheel drive","",36.4,71.3,,"lookup_exact","https://media.lincoln.com/content/lincolnmedia/lna/us/en/news/2023/04/17/sanctuary-for-the-senses--all-new-lincoln-nautilus-debuts-with-r.html","The all-new global Nautilus is available now in North America with a starting MSRP of $50,415.15 Clients can visit www.lincoln.com for more information. | For a nominal $1,500 upgrade on any trim level, you get 50 more horsepower and six additional combined mpg. | MSRP $50,415 (+ $1,500 for hybrid engine) | Starting MSRP [Hybrid Premiere] $51,915 | Starting MSRP [Premiere gas] $50,415 | Curb Weigh"
"413",2024,"Lincoln","Nautilus","Reserve","ice","SUV","all wheel drive","",35.2,68.8,,"lookup_exact","https://www.thedrive.com/car-reviews/2024-lincoln-nautilus-first-drive-review","For a nominal $1,500 upgrade on any trim level, you get 50 more horsepower and six additional combined mpg. | With the 2024 Lincoln Nautilus, you will have the choice to add a hybrid configuration to your vehicle for an additional $1,500. This goes for the base Premiere, Reserve, and the highest trim: Black Label. | Starting MSRP [Hybrid Reserve] $56,250 | Starting MSRP [Reserve gas] $54,750 | Car"
"524",2024,"Toyota","Camry","LE","hev","Sedan","front wheel drive","",15.1,,,"lookup_shared","https://www.edmunds.com/toyota/camry-hybrid/2024/features-specs/","Cargo Capacity|15.1 cu.ft.|Cargo capacity, all seats in place|15.1 cu.ft."
"525",2024,"Toyota","Camry","SE","hev","Sedan","front wheel drive","",15.1,,,"lookup_shared","https://www.edmunds.com/toyota/camry-hybrid/2024/features-specs/","Cargo Capacity|15.1 cu.ft.|Cargo capacity, all seats in place|15.1 cu.ft."
"526",2024,"Toyota","Camry","XLE","hev","Sedan","front wheel drive","",15.1,,,"lookup_shared","https://www.edmunds.com/toyota/camry-hybrid/2024/features-specs/","Cargo Capacity|15.1 cu.ft.|Cargo capacity, all seats in place|15.1 cu.ft."
"527",2024,"Toyota","Camry","XSE","hev","Sedan","front wheel drive","",15.1,,,"lookup_shared","https://www.edmunds.com/toyota/camry-hybrid/2024/features-specs/","Cargo Capacity|15.1 cu.ft.|Cargo capacity, all seats in place|15.1 cu.ft."
"524",2024,"Toyota","Camry","LE","ice","Sedan","front wheel drive","",15.1,,,"lookup_shared","https://www.edmunds.com/toyota/camry/2024/features-specs/","Cargo Capacity|15.1 cu.ft.; Gas Engine"
"525",2024,"Toyota","Camry","SE","ice","Sedan","front wheel drive","",15.1,,,"lookup_shared","https://www.edmunds.com/toyota/camry/2024/features-specs/","Cargo Capacity|15.1 cu.ft.; Gas Engine"
"526",2024,"Toyota","Camry","XLE","ice","Sedan","front wheel drive","",15.1,,,"lookup_shared","https://www.edmunds.com/toyota/camry/2024/features-specs/","Cargo Capacity|15.1 cu.ft.; Gas Engine"
"527",2024,"Toyota","Camry","XSE","ice","Sedan","front wheel drive","",15.1,,,"lookup_shared","https://www.edmunds.com/toyota/camry/2024/features-specs/","Cargo Capacity|15.1 cu.ft.; Gas Engine"
"533",2024,"Toyota","Corolla","LE","hev","Sedan","front wheel drive","",13.1,,,"lookup_shared","https://www.edmunds.com/toyota/corolla-hybrid/2024/trims/","Cargo Space|13.1 cu. ft."
"535",2024,"Toyota","Corolla","Nightshade","hev","Sedan","front wheel drive","",13.1,,,"lookup_shared","https://www.edmunds.com/toyota/corolla-hybrid/2024/st-402012881/features-specs/","Cargo Capacity|13.1 cu.ft.|Cargo capacity, all seats in place|13.1 cu.ft."
"534",2024,"Toyota","Corolla","SE","hev","Sedan","front wheel drive","",13.1,,,"lookup_shared","https://www.edmunds.com/toyota/corolla-hybrid/2024/st-402009384/features-specs/","Cargo Capacity|13.1 cu.ft.|Cargo capacity, all seats in place|13.1 cu.ft."
"533",2024,"Toyota","Corolla","LE","ice","Sedan","front wheel drive","",13.1,,,"lookup_shared","https://www.edmunds.com/toyota/corolla/2024/features-specs/","Cargo Capacity|13.1 cu.ft.|Cargo capacity, all seats in place|13.1 cu.ft."
"535",2024,"Toyota","Corolla","Nightshade","ice","Sedan","front wheel drive","",13.1,,,"lookup_shared","https://www.edmunds.com/toyota/corolla/2024/features-specs/","Cargo Capacity|13.1 cu.ft.|Cargo capacity, all seats in place|13.1 cu.ft."
"534",2024,"Toyota","Corolla","SE","ice","Sedan","front wheel drive","",13.1,,,"lookup_shared","https://www.edmunds.com/toyota/corolla/2024/features-specs/","Cargo Capacity|13.1 cu.ft.|Cargo capacity, all seats in place|13.1 cu.ft."
"544",2024,"Toyota","Corolla Cross","S","hev","SUV","all wheel drive","",21.5,61.8,,"lookup_shared","https://www.edmunds.com/toyota/corolla-cross-hybrid/2024/st-402016747/features-specs/","Cargo capacity, all seats in place|21.5 cu.ft.|Maximum cargo capacity|61.8 cu.ft."
"545",2024,"Toyota","Corolla Cross","SE","hev","SUV","all wheel drive","",21.5,61.8,,"lookup_shared","https://www.edmunds.com/toyota/corolla-cross-hybrid/2024/st-402016747/features-specs/","Cargo capacity, all seats in place|21.5 cu.ft.|Maximum cargo capacity|61.8 cu.ft."
"543",2024,"Toyota","Corolla Cross","XSE","hev","SUV","all wheel drive","",21.5,61.8,,"lookup_shared","https://www.edmunds.com/toyota/corolla-cross-hybrid/2024/st-402016747/features-specs/","Cargo capacity, all seats in place|21.5 cu.ft.|Maximum cargo capacity|61.8 cu.ft."
"544",2024,"Toyota","Corolla Cross","L","ice","SUV","all wheel drive","",25.2,,,"lookup_shared","https://www.edmunds.com/toyota/corolla-cross/2024/st-402016622/features-specs/","Cargo Capacity|25.2 cu.ft.|Cargo capacity, all seats in place|25.2 cu.ft."
"545",2024,"Toyota","Corolla Cross","LE","ice","SUV","all wheel drive","",25.2,,,"lookup_shared","https://www.edmunds.com/toyota/corolla-cross/2024/st-402016622/features-specs/","Cargo Capacity|25.2 cu.ft.|Cargo capacity, all seats in place|25.2 cu.ft."
"543",2024,"Toyota","Corolla Cross","XLE","ice","SUV","all wheel drive","",25.2,,,"lookup_shared","https://www.edmunds.com/toyota/corolla-cross/2024/st-402016622/features-specs/","Cargo Capacity|25.2 cu.ft.|Cargo capacity, all seats in place|25.2 cu.ft."
"554",2024,"Toyota","Grand Highlander","Limited","hev","SUV","all wheel drive","",20.6,97.5,57.9,"lookup_shared","https://www.caranddriver.com/toyota/grand-highlander-hybrid/specs/2024/toyota_grand-highlander-hybrid_toyota-grand-highlander-hybrid_2024","Cargo Space/Area Behind Front Row (cubic feet) 97.5|Behind Second Row (cubic feet) 57.9|Behind Third Row (cubic feet) 20.6"
"553",2024,"Toyota","Grand Highlander","XLE","hev","SUV","all wheel drive","",20.6,97.5,57.9,"lookup_shared","https://www.caranddriver.com/toyota/grand-highlander-hybrid/specs/2024/toyota_grand-highlander-hybrid_toyota-grand-highlander-hybrid_2024","Cargo Space/Area Behind Front Row (cubic feet) 97.5|Behind Second Row (cubic feet) 57.9|Behind Third Row (cubic feet) 20.6"
"552",2024,"Toyota","Grand Highlander","XLE","hev","SUV","front wheel drive","",20.6,97.5,57.9,"lookup_shared","https://www.caranddriver.com/toyota/grand-highlander-hybrid/specs/2024/toyota_grand-highlander-hybrid_toyota-grand-highlander-hybrid_2024","Cargo Space/Area Behind Front Row (cubic feet) 97.5|Behind Second Row (cubic feet) 57.9|Behind Third Row (cubic feet) 20.6"
"554",2024,"Toyota","Grand Highlander","Limited","ice","SUV","all wheel drive","",20.6,97.5,57.9,"lookup_shared","https://www.caranddriver.com/toyota/grand-highlander/specs/2024/toyota_grand-highlander_toyota-grand-highlander_2024","Cargo Space/Area Behind Front Row (cubic feet) 97.5|Behind Second Row (cubic feet) 57.9|Behind Third Row (cubic feet) 20.6"
"553",2024,"Toyota","Grand Highlander","XLE","ice","SUV","all wheel drive","",20.6,97.5,57.9,"lookup_shared","https://www.caranddriver.com/toyota/grand-highlander/specs/2024/toyota_grand-highlander_toyota-grand-highlander_2024","Cargo Space/Area Behind Front Row (cubic feet) 97.5|Behind Second Row (cubic feet) 57.9|Behind Third Row (cubic feet) 20.6"
"552",2024,"Toyota","Grand Highlander","XLE","ice","SUV","front wheel drive","",20.6,97.5,57.9,"lookup_shared","https://www.caranddriver.com/toyota/grand-highlander/specs/2024/toyota_grand-highlander_toyota-grand-highlander_2024","Cargo Space/Area Behind Front Row (cubic feet) 97.5|Behind Second Row (cubic feet) 57.9|Behind Third Row (cubic feet) 20.6"
"621",2024,"Toyota","Highlander","LE","hev","SUV","all wheel drive","",16,84.3,48.4,"lookup_shared","https://www.caranddriver.com/toyota/highlander-hybrid/specs/2024/toyota_highlander-hybrid_toyota-highlander-hybrid_2024","Cargo Space/Area Behind Front Row (cubic feet) 84.3|Behind Second Row (cubic feet) 48.4|Behind Third Row (cubic feet) 16"
"616",2024,"Toyota","Highlander","LE","hev","SUV","front wheel drive","",16,84.3,48.4,"lookup_shared","https://www.caranddriver.com/toyota/highlander-hybrid/specs/2024/toyota_highlander-hybrid_toyota-highlander-hybrid_2024","Cargo Space/Area Behind Front Row (cubic feet) 84.3|Behind Second Row (cubic feet) 48.4|Behind Third Row (cubic feet) 16"
"619",2024,"Toyota","Highlander","Limited","hev","SUV","all wheel drive","",16,84.3,48.4,"lookup_shared","https://www.edmunds.com/toyota/highlander-hybrid/2024/st-402018059/features-specs/","Cargo Capacity|16.0 cu.ft.|Cargo capacity, all seats in place|16.0 cu.ft.|Maximum cargo capacity|84.3 cu.ft."
"617",2024,"Toyota","Highlander","Limited","hev","SUV","front wheel drive","",16,84.3,48.4,"lookup_shared","https://www.edmunds.com/toyota/highlander-hybrid/2024/st-402018059/features-specs/","Cargo Capacity|16.0 cu.ft.|Cargo capacity, all seats in place|16.0 cu.ft.|Maximum cargo capacity|84.3 cu.ft."
"620",2024,"Toyota","Highlander","Platinum","hev","SUV","all wheel drive","",16,84.3,48.4,"lookup_shared","https://www.edmunds.com/toyota/highlander-hybrid/2024/st-402018059/features-specs/","Cargo Capacity|16.0 cu.ft.|Cargo capacity, all seats in place|16.0 cu.ft.|Maximum cargo capacity|84.3 cu.ft."
"618",2024,"Toyota","Highlander","Platinum","hev","SUV","front wheel drive","",16,84.3,48.4,"lookup_shared","https://www.edmunds.com/toyota/highlander-hybrid/2024/st-402018059/features-specs/","Cargo Capacity|16.0 cu.ft.|Cargo capacity, all seats in place|16.0 cu.ft.|Maximum cargo capacity|84.3 cu.ft."
"622",2024,"Toyota","Highlander","XLE","hev","SUV","all wheel drive","",16,84.3,48.4,"lookup_shared","https://www.edmunds.com/toyota/highlander-hybrid/2024/st-402018059/features-specs/","Cargo Capacity|16.0 cu.ft.|Cargo capacity, all seats in place|16.0 cu.ft.|Maximum cargo capacity|84.3 cu.ft."
"615",2024,"Toyota","Highlander","XLE","hev","SUV","front wheel drive","",16,84.3,48.4,"lookup_shared","https://www.caranddriver.com/toyota/highlander-hybrid/specs/2024/toyota_highlander-hybrid_toyota-highlander-hybrid_2024","Cargo Space/Area Behind Front Row (cubic feet) 84.3|Behind Second Row (cubic feet) 48.4|Behind Third Row (cubic feet) 16"
"621",2024,"Toyota","Highlander","LE","ice","SUV","all wheel drive","",16,84.3,48.4,"lookup_shared","https://www.caranddriver.com/toyota/highlander/specs/2024/toyota_highlander_toyota-highlander_2024","Cargo Space/Area Behind Front Row (cubic feet) 84.3|Behind Second Row (cubic feet) 48.4|Behind Third Row (cubic feet) 16"
"616",2024,"Toyota","Highlander","LE","ice","SUV","front wheel drive","",16,84.3,48.4,"lookup_shared","https://www.caranddriver.com/toyota/highlander/specs/2024/toyota_highlander_toyota-highlander_2024","Cargo Space/Area Behind Front Row (cubic feet) 84.3|Behind Second Row (cubic feet) 48.4|Behind Third Row (cubic feet) 16"
"619",2024,"Toyota","Highlander","Limited","ice","SUV","all wheel drive","",16,84.3,48.4,"lookup_shared","https://www.caranddriver.com/toyota/highlander/specs/2024/toyota_highlander_toyota-highlander_2024","Cargo Space/Area Behind Front Row (cubic feet) 84.3|Behind Second Row (cubic feet) 48.4|Behind Third Row (cubic feet) 16"
"617",2024,"Toyota","Highlander","Limited","ice","SUV","front wheel drive","",16,84.3,48.4,"lookup_shared","https://www.caranddriver.com/toyota/highlander/specs/2024/toyota_highlander_toyota-highlander_2024","Cargo Space/Area Behind Front Row (cubic feet) 84.3|Behind Second Row (cubic feet) 48.4|Behind Third Row (cubic feet) 16"
"620",2024,"Toyota","Highlander","Platinum","ice","SUV","all wheel drive","",16,84.3,48.4,"lookup_shared","https://www.edmunds.com/toyota/highlander/2024/st-402017924/features-specs/","Cargo Capacity|16.0 cu.ft.|Cargo capacity, all seats in place|16.0 cu.ft.|Maximum cargo capacity|84.3 cu.ft."
"618",2024,"Toyota","Highlander","Platinum","ice","SUV","front wheel drive","",16,84.3,48.4,"lookup_shared","https://www.caranddriver.com/toyota/highlander/specs/2024/toyota_highlander_toyota-highlander_2024","Cargo Space/Area Behind Front Row (cubic feet) 84.3|Behind Second Row (cubic feet) 48.4|Behind Third Row (cubic feet) 16"
"622",2024,"Toyota","Highlander","XLE","ice","SUV","all wheel drive","",16,84.3,48.4,"lookup_shared","https://www.caranddriver.com/toyota/highlander/specs/2024/toyota_highlander_toyota-highlander_2024","Cargo Space/Area Behind Front Row (cubic feet) 84.3|Behind Second Row (cubic feet) 48.4|Behind Third Row (cubic feet) 16"
"615",2024,"Toyota","Highlander","XLE","ice","SUV","front wheel drive","",16,84.3,48.4,"lookup_shared","https://www.caranddriver.com/toyota/highlander/specs/2024/toyota_highlander_toyota-highlander_2024","Cargo Space/Area Behind Front Row (cubic feet) 84.3|Behind Second Row (cubic feet) 48.4|Behind Third Row (cubic feet) 16"
"655",2024,"Toyota","RAV4","LE","hev","SUV","all wheel drive","",37.6,69.8,,"lookup_exact","https://www.edmunds.com/toyota/rav4-hybrid/2024/st-401994384/features-specs/","Cargo Capacity|37.6 cu.ft.|Cargo capacity, all seats in place|37.6 cu.ft.|Maximum cargo capacity|69.8 cu.ft."
"658",2024,"Toyota","RAV4","Limited","hev","SUV","all wheel drive","",37.5,69.8,,"lookup_exact","https://www.edmunds.com/toyota/rav4-hybrid/2024/st-402013837/features-specs/","Cargo Capacity|37.5 cu.ft.|Cargo capacity, all seats in place|37.5 cu.ft.|Maximum cargo capacity|69.8 cu.ft."
"656",2024,"Toyota","RAV4","XLE","hev","SUV","all wheel drive","",37.5,69.8,,"lookup_exact","https://www.edmunds.com/toyota/rav4-hybrid/2024/features-specs/","Cargo Capacity|37.5 cu.ft.|Cargo capacity, all seats in place|37.5 cu.ft.|Maximum cargo capacity|69.8 cu.ft."
"657",2024,"Toyota","RAV4","XLE Premium","hev","SUV","all wheel drive","",37.5,69.8,,"lookup_exact","https://www.edmunds.com/toyota/rav4-hybrid/2024/st-402013836/features-specs/","Cargo Capacity|37.5 cu.ft.|Cargo capacity, all seats in place|37.5 cu.ft.|Maximum cargo capacity|69.8 cu.ft."
"655",2024,"Toyota","RAV4","LE","ice","SUV","all wheel drive","",37.6,69.8,,"lookup_exact","https://www.edmunds.com/toyota/rav4/2024/st-402013629/features-specs/","Cargo Capacity|37.6 cu.ft.|Cargo capacity, all seats in place|37.6 cu.ft.|Maximum cargo capacity|69.8 cu.ft."
"658",2024,"Toyota","RAV4","Limited","ice","SUV","all wheel drive","",37.5,69.8,,"lookup_exact","https://www.edmunds.com/toyota/rav4/2024/st-402013633/features-specs/","Cargo Capacity|37.5 cu.ft."
"656",2024,"Toyota","RAV4","XLE","ice","SUV","all wheel drive","",37.5,69.8,,"lookup_exact","https://www.edmunds.com/toyota/rav4/2024/st-402013630/features-specs/","Cargo Capacity|37.5 cu.ft.|Cargo capacity, all seats in place|37.5 cu.ft.|Maximum cargo capacity|69.8 cu.ft."
"657",2024,"Toyota","RAV4","XLE Premium","ice","SUV","all wheel drive","",37.5,69.8,,"lookup_exact","https://www.edmunds.com/toyota/rav4/2024/st-402013628/features-specs/","Cargo Capacity|37.5 cu.ft.|Cargo capacity, all seats in place|37.5 cu.ft.|Maximum cargo capacity|69.8 cu.ft."
"50",2025,"Ford","Escape","Platinum","hev","SUV","all wheel drive","",34.4,60.8,,"lookup_shared","https://www.edmunds.com/ford/escape/2025/hybrid/st-402037251/features-specs/","Cargo capacity, all seats in place|34.4 cu.ft.|Maximum cargo capacity|60.8 cu.ft."
"51",2025,"Ford","Escape","ST-Line","hev","SUV","front wheel drive","",34.4,60.8,,"lookup_shared","https://www.edmunds.com/ford/escape/2025/hybrid/st-402037251/features-specs/","Cargo capacity, all seats in place|34.4 cu.ft.|Maximum cargo capacity|60.8 cu.ft."
"52",2025,"Ford","Escape","ST-Line Elite","hev","SUV","all wheel drive","",34.4,60.8,,"lookup_shared","https://www.edmunds.com/ford/escape/2025/hybrid/st-402037251/features-specs/","Cargo capacity, all seats in place|34.4 cu.ft.|Maximum cargo capacity|60.8 cu.ft."
"53",2025,"Ford","Escape","ST-Line Select","hev","SUV","all wheel drive","",34.4,60.8,,"lookup_shared","https://www.edmunds.com/ford/escape/2025/hybrid/st-402037251/features-specs/","Cargo capacity, all seats in place|34.4 cu.ft.|Maximum cargo capacity|60.8 cu.ft."
"50",2025,"Ford","Escape","Platinum","ice","SUV","all wheel drive","",37.5,65.4,,"lookup_shared","https://www.edmunds.com/ford/escape/2025/features-specs/","Cargo capacity, all seats in place|37.5 cu.ft.|Maximum cargo capacity|65.4 cu.ft."
"51",2025,"Ford","Escape","ST-Line","ice","SUV","front wheel drive","",37.5,65.4,,"lookup_shared","https://www.edmunds.com/ford/escape/2025/features-specs/","Cargo capacity, all seats in place|37.5 cu.ft.|Maximum cargo capacity|65.4 cu.ft."
"52",2025,"Ford","Escape","ST-Line Elite","ice","SUV","all wheel drive","",37.5,65.4,,"lookup_shared","https://www.edmunds.com/ford/escape/2025/features-specs/","Cargo capacity, all seats in place|37.5 cu.ft.|Maximum cargo capacity|65.4 cu.ft."
"53",2025,"Ford","Escape","ST-Line Select","ice","SUV","all wheel drive","",37.5,65.4,,"lookup_shared","https://www.edmunds.com/ford/escape/2025/features-specs/","Cargo capacity, all seats in place|37.5 cu.ft.|Maximum cargo capacity|65.4 cu.ft."
"181",2025,"Honda","CR-V","Sport Hybrid","hev","SUV","all wheel drive","",36.3,76.5,,"lookup_exact","https://hondanews.com/en-US/honda-automobiles/releases/release-f43bcac5ded8efe77b071fcb0c097416-2025-honda-cr-v-specifications-and-features","Cargo Volume (cu ft.) - Behind Second Row ... Sport ... 36.3; Behind First Row Standard/Max ... 39.3 / 76.5"
"182",2025,"Honda","CR-V","Sport Hybrid","hev","SUV","front wheel drive","",36.3,76.5,,"lookup_exact","https://hondanews.com/en-US/honda-automobiles/releases/release-f43bcac5ded8efe77b071fcb0c097416-2025-honda-cr-v-specifications-and-features","Cargo Volume (cu ft.) - Behind Second Row ... Sport ... 36.3; Behind First Row Standard/Max ... 39.3 / 76.5"
"180",2025,"Honda","CR-V","Sport-L Hybrid","hev","SUV","all wheel drive","",36.3,76.5,,"lookup_exact","https://hondanews.com/en-US/honda-automobiles/releases/release-f43bcac5ded8efe77b071fcb0c097416-2025-honda-cr-v-specifications-and-features","Cargo Volume (cu ft.) - Behind Second Row ... Sport ... 36.3; Behind First Row Standard/Max ... 39.3 / 76.5"
"179",2025,"Honda","CR-V","Sport-L Hybrid","hev","SUV","front wheel drive","",36.3,76.5,,"lookup_exact","https://hondanews.com/en-US/honda-automobiles/releases/release-f43bcac5ded8efe77b071fcb0c097416-2025-honda-cr-v-specifications-and-features","Cargo Volume (cu ft.) - Behind Second Row ... Sport ... 36.3; Behind First Row Standard/Max ... 39.3 / 76.5"
"181",2025,"Honda","CR-V","EX","ice","SUV","all wheel drive","",39.3,76.5,,"lookup_exact","https://hondanews.com/en-US/honda-automobiles/releases/release-f43bcac5ded8efe77b071fcb0c097416-2025-honda-cr-v-specifications-and-features","Cargo Volume (cu ft.) - Behind Second Row ... 39.3; Behind First Row Standard/Max ... 39.3 / 76.5"
"182",2025,"Honda","CR-V","EX","ice","SUV","front wheel drive","",39.3,76.5,,"lookup_exact","https://hondanews.com/en-US/honda-automobiles/releases/release-f43bcac5ded8efe77b071fcb0c097416-2025-honda-cr-v-specifications-and-features","Cargo Volume (cu ft.) - Behind Second Row ... 39.3; Behind First Row Standard/Max ... 39.3 / 76.5"
"180",2025,"Honda","CR-V","EX-L","ice","SUV","all wheel drive","",39.3,76.5,,"lookup_exact","https://hondanews.com/en-US/honda-automobiles/releases/release-f43bcac5ded8efe77b071fcb0c097416-2025-honda-cr-v-specifications-and-features","Cargo Volume (cu ft.) - Behind Second Row ... 39.3; Behind First Row Standard/Max ... 39.3 / 76.5"
"179",2025,"Honda","CR-V","EX-L","ice","SUV","front wheel drive","",39.3,76.5,,"lookup_exact","https://hondanews.com/en-US/honda-automobiles/releases/release-f43bcac5ded8efe77b071fcb0c097416-2025-honda-cr-v-specifications-and-features","Cargo Volume (cu ft.) - Behind Second Row ... 39.3; Behind First Row Standard/Max ... 39.3 / 76.5"
"196",2025,"Hyundai","Elantra","Limited","hev","Sedan","front wheel drive","",14.2,,,"lookup_shared","https://www.edmunds.com/hyundai/elantra-hybrid/2025/features-specs/","Cargo capacity, all seats in place|14.2 cu.ft."
"196",2025,"Hyundai","Elantra","Limited","ice","Sedan","front wheel drive","",14.2,,,"lookup_shared","https://www.edmunds.com/hyundai/elantra/2025/st-402045784/features-specs/","Cargo capacity, all seats in place|14.2 cu.ft."
"220",2025,"Hyundai","Santa Fe","Calligraphy Hybrid","hev","SUV","all wheel drive","",14.6,79.6,40.5,"lookup_shared","https://www.caranddriver.com/hyundai/santa-fe-hybrid/specs/2025/hyundai_santa-fe-hybrid_hyundai-santa-fe-hybrid_2025","Cargo Space/Area Behind Front Row (cubic feet) 79.6; Behind Second Row 40.5; Behind Third Row 14.6"
"219",2025,"Hyundai","Santa Fe","Calligraphy Hybrid","hev","SUV","front wheel drive","",14.6,79.6,40.5,"lookup_shared","https://www.caranddriver.com/hyundai/santa-fe-hybrid/specs/2025/hyundai_santa-fe-hybrid_hyundai-santa-fe-hybrid_2025","Cargo Space/Area Behind Front Row (cubic feet) 79.6; Behind Second Row 40.5; Behind Third Row 14.6"
"215",2025,"Hyundai","Santa Fe","Limited Hybrid","hev","SUV","all wheel drive","",14.6,79.6,40.5,"lookup_shared","https://www.caranddriver.com/hyundai/santa-fe-hybrid/specs/2025/hyundai_santa-fe-hybrid_hyundai-santa-fe-hybrid_2025","Cargo Space/Area Behind Front Row (cubic feet) 79.6; Behind Second Row 40.5; Behind Third Row 14.6"
"217",2025,"Hyundai","Santa Fe","Limited Hybrid","hev","SUV","front wheel drive","",14.6,79.6,40.5,"lookup_shared","https://www.caranddriver.com/hyundai/santa-fe-hybrid/specs/2025/hyundai_santa-fe-hybrid_hyundai-santa-fe-hybrid_2025","Cargo Space/Area Behind Front Row (cubic feet) 79.6; Behind Second Row 40.5; Behind Third Row 14.6"
"216",2025,"Hyundai","Santa Fe","SEL Hybrid","hev","SUV","all wheel drive","",14.6,79.6,40.5,"lookup_shared","https://www.caranddriver.com/hyundai/santa-fe-hybrid/specs/2025/hyundai_santa-fe-hybrid_hyundai-santa-fe-hybrid_2025","Cargo Space/Area Behind Front Row (cubic feet) 79.6; Behind Second Row 40.5; Behind Third Row 14.6"
"218",2025,"Hyundai","Santa Fe","SEL Hybrid","hev","SUV","front wheel drive","",14.6,79.6,40.5,"lookup_shared","https://www.caranddriver.com/hyundai/santa-fe-hybrid/specs/2025/hyundai_santa-fe-hybrid_hyundai-santa-fe-hybrid_2025","Cargo Space/Area Behind Front Row (cubic feet) 79.6; Behind Second Row 40.5; Behind Third Row 14.6"
"220",2025,"Hyundai","Santa Fe","Calligraphy","ice","SUV","all wheel drive","",14.6,79.6,40.5,"lookup_shared","https://www.hyundaiusa.com/us/en/vehicles/2025-santa-fe/compare-specs","Cargo volume (cu. ft.) Behind 3rd row 14.6; Behind 2nd row 40.5; Behind front seats 79.6"
"219",2025,"Hyundai","Santa Fe","Calligraphy","ice","SUV","front wheel drive","",14.6,79.6,40.5,"lookup_shared","https://www.hyundaiusa.com/us/en/vehicles/2025-santa-fe/compare-specs","Cargo volume (cu. ft.) Behind 3rd row 14.6; Behind 2nd row 40.5; Behind front seats 79.6"
"215",2025,"Hyundai","Santa Fe","Limited","ice","SUV","all wheel drive","",14.6,79.6,40.5,"lookup_shared","https://www.hyundaiusa.com/us/en/vehicles/2025-santa-fe/compare-specs","Cargo volume (cu. ft.) Behind 3rd row 14.6; Behind 2nd row 40.5; Behind front seats 79.6"
"217",2025,"Hyundai","Santa Fe","Limited","ice","SUV","front wheel drive","",14.6,79.6,40.5,"lookup_shared","https://www.hyundaiusa.com/us/en/vehicles/2025-santa-fe/compare-specs","Cargo volume (cu. ft.) Behind 3rd row 14.6; Behind 2nd row 40.5; Behind front seats 79.6"
"216",2025,"Hyundai","Santa Fe","SEL","ice","SUV","all wheel drive","",14.6,79.6,40.5,"lookup_shared","https://www.hyundaiusa.com/us/en/vehicles/2025-santa-fe/compare-specs","Cargo volume (cu. ft.) Behind 3rd row 14.6; Behind 2nd row 40.5; Behind front seats 79.6"
"218",2025,"Hyundai","Santa Fe","SEL","ice","SUV","front wheel drive","",14.6,79.6,40.5,"lookup_shared","https://www.hyundaiusa.com/us/en/vehicles/2025-santa-fe/compare-specs","Cargo volume (cu. ft.) Behind 3rd row 14.6; Behind 2nd row 40.5; Behind front seats 79.6"
"234",2025,"Hyundai","Tucson","Limited Hybrid","hev","SUV","all wheel drive","",38.7,74.5,,"lookup_shared","https://www.hyundaiusa.com/us/en/vehicles/2025-tucson-hybrid/compare-specs","Cargo volume (cu. ft.) rear seats up/rear seats folded down 38.7 (SAE), 41.2 (max) / 74.5 (SAE), 80.0 (max)"
"235",2025,"Hyundai","Tucson","SEL Convenience Hybrid","hev","SUV","all wheel drive","",38.7,74.5,,"lookup_shared","https://www.hyundaiusa.com/us/en/vehicles/2025-tucson-hybrid/compare-specs","Cargo volume (cu. ft.) rear seats up/rear seats folded down 38.7 (SAE), 41.2 (max) / 74.5 (SAE), 80.0 (max)"
"234",2025,"Hyundai","Tucson","Limited","ice","SUV","all wheel drive","",38.7,74.8,,"lookup_shared","https://www.edmunds.com/hyundai/tucson/2025/st-402038697/features-specs/","Cargo capacity, all seats in place|38.7 cu.ft.|Maximum cargo capacity|74.8 cu.ft."
"235",2025,"Hyundai","Tucson","SEL Convenience","ice","SUV","all wheel drive","",38.7,74.8,,"lookup_shared","https://www.edmunds.com/hyundai/tucson/2025/st-402038697/features-specs/","Cargo capacity, all seats in place|38.7 cu.ft.|Maximum cargo capacity|74.8 cu.ft."
"258",2025,"Kia","Carnival","EX","hev","Minivan","front wheel drive","",40.2,145.1,86.9,"lookup_shared","https://www.caranddriver.com/kia/carnival-hybrid/specs/2025/kia_carnival-hybrid_kia-carnival-hybrid_2025","Cargo Space/Area Behind Front Row (cubic feet) 145.1; Behind Second Row 86.9; Behind Third Row 40.2"
"260",2025,"Kia","Carnival","LXS","hev","Minivan","front wheel drive","",40.2,145.1,86.9,"lookup_shared","https://www.caranddriver.com/kia/carnival-hybrid/specs/2025/kia_carnival-hybrid_kia-carnival-hybrid_2025","Cargo Space/Area Behind Front Row (cubic feet) 145.1; Behind Second Row 86.9; Behind Third Row 40.2"
"257",2025,"Kia","Carnival","SX","hev","Minivan","front wheel drive","",40.2,145.1,86.9,"lookup_shared","https://www.caranddriver.com/kia/carnival-hybrid/specs/2025/kia_carnival-hybrid_kia-carnival-hybrid_2025","Cargo Space/Area Behind Front Row (cubic feet) 145.1; Behind Second Row 86.9; Behind Third Row 40.2"
"259",2025,"Kia","Carnival","SX Prestige","hev","Minivan","front wheel drive","",40.2,145.1,86.9,"lookup_shared","https://www.caranddriver.com/kia/carnival-hybrid/specs/2025/kia_carnival-hybrid_kia-carnival-hybrid_2025","Cargo Space/Area Behind Front Row (cubic feet) 145.1; Behind Second Row 86.9; Behind Third Row 40.2"
"258",2025,"Kia","Carnival","EX","ice","Minivan","front wheel drive","",40.2,145.1,86.9,"lookup_shared","https://www.caranddriver.com/kia/carnival/specs","Cargo Space/Area Behind Front Row (cubic feet) 145.1; Behind Second Row 86.9; Behind Third Row 40.2"
"260",2025,"Kia","Carnival","LXS","ice","Minivan","front wheel drive","",40.2,145.1,86.9,"lookup_shared","https://www.caranddriver.com/kia/carnival/specs","Cargo Space/Area Behind Front Row (cubic feet) 145.1; Behind Second Row 86.9; Behind Third Row 40.2"
"257",2025,"Kia","Carnival","SX","ice","Minivan","front wheel drive","",40.2,145.1,86.9,"lookup_shared","https://www.caranddriver.com/kia/carnival/specs","Cargo Space/Area Behind Front Row (cubic feet) 145.1; Behind Second Row 86.9; Behind Third Row 40.2"
"259",2025,"Kia","Carnival","SX Prestige","ice","Minivan","front wheel drive","",40.2,145.1,86.9,"lookup_shared","https://www.caranddriver.com/kia/carnival/specs","Cargo Space/Area Behind Front Row (cubic feet) 145.1; Behind Second Row 86.9; Behind Third Row 40.2"
"272",2025,"Kia","Sorento","EX","hev","SUV","all wheel drive","",12.6,75.5,38.5,"lookup_shared","https://www.caranddriver.com/kia/sorento-hybrid/specs/2025/kia_sorento-hybrid_kia-sorento-hybrid_2025","Cargo Space/Area Behind Front Row (cubic feet) 75.5; Behind Second Row 38.5; Behind Third Row 12.6"
"273",2025,"Kia","Sorento","EX","hev","SUV","front wheel drive","",12.6,75.5,38.5,"lookup_shared","https://www.caranddriver.com/kia/sorento-hybrid/specs/2025/kia_sorento-hybrid_kia-sorento-hybrid_2025","Cargo Space/Area Behind Front Row (cubic feet) 75.5; Behind Second Row 38.5; Behind Third Row 12.6"
"272",2025,"Kia","Sorento","EX","ice","SUV","all wheel drive","",12.6,75.5,38.5,"lookup_shared","https://www.edmunds.com/kia/sorento/2025/st-402044186/features-specs/","Cargo capacity, all seats in place|12.6 cu.ft.|Maximum cargo capacity|75.5 cu.ft."
"273",2025,"Kia","Sorento","EX","ice","SUV","front wheel drive","",12.6,75.5,38.5,"lookup_shared","https://www.edmunds.com/kia/sorento/2025/st-402044186/features-specs/","Cargo capacity, all seats in place|12.6 cu.ft.|Maximum cargo capacity|75.5 cu.ft."
"284",2025,"Kia","Sportage","EX","hev","SUV","all wheel drive","",39.5,73.7,,"lookup_shared","https://www.edmunds.com/kia/sportage-hybrid/2025/features-specs/","Cargo capacity, all seats in place|39.5 cu.ft.|Maximum cargo capacity|73.7 cu.ft."
"285",2025,"Kia","Sportage","LX","hev","SUV","all wheel drive","",39.5,73.7,,"lookup_shared","https://www.edmunds.com/kia/sportage-hybrid/2025/features-specs/","Cargo capacity, all seats in place|39.5 cu.ft.|Maximum cargo capacity|73.7 cu.ft."
"283",2025,"Kia","Sportage","LX","hev","SUV","front wheel drive","",39.5,73.7,,"lookup_shared","https://www.edmunds.com/kia/sportage-hybrid/2025/features-specs/","Cargo capacity, all seats in place|39.5 cu.ft.|Maximum cargo capacity|73.7 cu.ft."
"284",2025,"Kia","Sportage","EX","ice","SUV","all wheel drive","",39.6,74.1,,"lookup_shared","https://www.edmunds.com/kia/sportage/2025/st-402037421/features-specs/","Cargo capacity, all seats in place|39.6 cu.ft.|Maximum cargo capacity|74.1 cu.ft."
"285",2025,"Kia","Sportage","LX","ice","SUV","all wheel drive","",39.6,74.1,,"lookup_shared","https://www.edmunds.com/kia/sportage/2025/st-402037421/features-specs/","Cargo capacity, all seats in place|39.6 cu.ft.|Maximum cargo capacity|74.1 cu.ft."
"283",2025,"Kia","Sportage","LX","ice","SUV","front wheel drive","",39.6,74.1,,"lookup_shared","https://www.edmunds.com/kia/sportage/2025/st-402037421/features-specs/","Cargo capacity, all seats in place|39.6 cu.ft.|Maximum cargo capacity|74.1 cu.ft."
"320",2025,"Lexus","ES","300h","hev","Sedan","front wheel drive","",13.9,,,"lookup_exact","https://www.edmunds.com/lexus/es/2025/st-402038800/features-specs/","Cargo capacity, all seats in place|13.9 cu.ft."
"322",2025,"Lexus","ES","300h F SPORT Design","hev","Sedan","front wheel drive","",13.9,,,"lookup_shared","https://www.edmunds.com/lexus/es/2025/st-402038800/features-specs/","Cargo capacity, all seats in place|13.9 cu.ft."
"318",2025,"Lexus","ES","300h F SPORT Handling","hev","Sedan","front wheel drive","",13.9,,,"lookup_shared","https://www.edmunds.com/lexus/es/2025/st-402038800/features-specs/","Cargo capacity, all seats in place|13.9 cu.ft."
"319",2025,"Lexus","ES","300h Luxury","hev","Sedan","front wheel drive","",13.9,,,"lookup_shared","https://www.edmunds.com/lexus/es/2025/st-402038800/features-specs/","Cargo capacity, all seats in place|13.9 cu.ft."
"321",2025,"Lexus","ES","300h Ultra Luxury","hev","Sedan","front wheel drive","",13.9,,,"lookup_shared","https://www.edmunds.com/lexus/es/2025/st-402038800/features-specs/","Cargo capacity, all seats in place|13.9 cu.ft."
"320",2025,"Lexus","ES","350","ice","Sedan","front wheel drive","",13.9,,,"lookup_exact","https://www.edmunds.com/lexus/es/2025/st-402038796/features-specs/","Cargo capacity, all seats in place|13.9 cu.ft."
"322",2025,"Lexus","ES","350 F SPORT Design","ice","Sedan","front wheel drive","",13.9,,,"lookup_shared","https://www.edmunds.com/lexus/es/2025/st-402038796/features-specs/","Cargo capacity, all seats in place|13.9 cu.ft."
"318",2025,"Lexus","ES","350 F SPORT Handling","ice","Sedan","front wheel drive","",13.9,,,"lookup_shared","https://www.edmunds.com/lexus/es/2025/st-402038796/features-specs/","Cargo capacity, all seats in place|13.9 cu.ft."
"319",2025,"Lexus","ES","350 Luxury","ice","Sedan","front wheel drive","",13.9,,,"lookup_shared","https://www.edmunds.com/lexus/es/2025/st-402038796/features-specs/","Cargo capacity, all seats in place|13.9 cu.ft."
"321",2025,"Lexus","ES","350 Ultra Luxury","ice","Sedan","front wheel drive","",13.9,,,"lookup_shared","https://www.edmunds.com/lexus/es/2025/st-402038796/features-specs/","Cargo capacity, all seats in place|13.9 cu.ft."
"351",2025,"Lexus","NX","350h","hev","SUV","all wheel drive","",22.7,46.9,,"lookup_exact","https://www.edmunds.com/lexus/nx/2025/st-402031777/features-specs/","Cargo capacity, all seats in place|22.7 cu.ft.| Maximum cargo capacity|46.9 cu.ft."
"349",2025,"Lexus","NX","350h Luxury","hev","SUV","all wheel drive","",22.7,46.9,,"lookup_shared","https://www.edmunds.com/lexus/nx/2025/st-402031777/features-specs/","Cargo capacity, all seats in place|22.7 cu.ft.| Maximum cargo capacity|46.9 cu.ft."
"350",2025,"Lexus","NX","350h Premium","hev","SUV","all wheel drive","",22.7,46.9,,"lookup_exact","https://www.edmunds.com/lexus/nx/2025/st-402031776/features-specs/","Cargo capacity, all seats in place|22.7 cu.ft.| Maximum cargo capacity|46.9 cu.ft."
"351",2025,"Lexus","NX","250","ice","SUV","all wheel drive","",22.7,46.9,,"lookup_exact","https://www.edmunds.com/lexus/nx/2025/st-402031782/features-specs/","Cargo capacity, all seats in place|22.7 cu.ft.| Maximum cargo capacity|46.9 cu.ft."
"350",2025,"Lexus","NX","250 Premium","ice","SUV","all wheel drive","",22.7,46.9,,"lookup_shared","https://www.edmunds.com/lexus/nx/2025/st-402031782/features-specs/","Cargo capacity, all seats in place|22.7 cu.ft.| Maximum cargo capacity|46.9 cu.ft."
"349",2025,"Lexus","NX","350 Luxury","ice","SUV","all wheel drive","",22.7,46.9,,"lookup_shared","https://www.edmunds.com/lexus/nx/2025/st-402031781/features-specs/","Cargo capacity, all seats in place|22.7 cu.ft.| Maximum cargo capacity|46.9 cu.ft."
"387",2025,"Lexus","RX","350h","hev","SUV","all wheel drive","",29.6,46.2,,"lookup_exact","https://www.edmunds.com/lexus/rx/2025/hybrid/st-402056882/features-specs/","Cargo capacity, all seats in place|29.6 cu.ft.| Maximum cargo capacity|46.2 cu.ft."
"383",2025,"Lexus","RX","350h F SPORT Design","hev","SUV","all wheel drive","",29.6,46.2,,"lookup_shared","https://www.edmunds.com/lexus/rx/2025/st-402056881/features-specs/","Cargo capacity, all seats in place|29.6 cu.ft.| Maximum cargo capacity|46.2 cu.ft."
"385",2025,"Lexus","RX","350h Luxury","hev","SUV","all wheel drive","",29.6,46.2,,"lookup_shared","https://www.edmunds.com/lexus/rx/2025/st-402056881/features-specs/","Cargo capacity, all seats in place|29.6 cu.ft.| Maximum cargo capacity|46.2 cu.ft."
"386",2025,"Lexus","RX","350h Premium","hev","SUV","all wheel drive","",29.6,46.2,,"lookup_exact","https://www.edmunds.com/lexus/rx/2025/st-402056881/features-specs/","Cargo capacity, all seats in place|29.6 cu.ft.| Maximum cargo capacity|46.2 cu.ft."
"384",2025,"Lexus","RX","350h Premium Plus","hev","SUV","all wheel drive","",29.6,46.2,,"lookup_shared","https://www.edmunds.com/lexus/rx/2025/st-402056881/features-specs/","Cargo capacity, all seats in place|29.6 cu.ft.| Maximum cargo capacity|46.2 cu.ft."
"387",2025,"Lexus","RX","350","ice","SUV","all wheel drive","",29.6,46.2,,"lookup_exact","https://www.edmunds.com/lexus/rx/2025/st-402056875/features-specs/","Cargo capacity, all seats in place|29.6 cu.ft.| Maximum cargo capacity|46.2 cu.ft."
"383",2025,"Lexus","RX","350 F SPORT Design","ice","SUV","all wheel drive","",29.6,46.2,,"lookup_exact","https://www.edmunds.com/lexus/rx/2025/st-402056907/features-specs/","Cargo capacity, all seats in place|29.6 cu.ft.| Maximum cargo capacity|46.2 cu.ft."
"385",2025,"Lexus","RX","350 Luxury","ice","SUV","all wheel drive","",29.6,46.2,,"lookup_exact","https://www.edmunds.com/lexus/rx/2025/st-402056884/features-specs/","Cargo capacity, all seats in place|29.6 cu.ft.| Maximum cargo capacity|46.2 cu.ft."
"386",2025,"Lexus","RX","350 Premium","ice","SUV","all wheel drive","",29.6,46.2,,"lookup_exact","https://www.edmunds.com/lexus/rx/2025/st-402056883/features-specs/","Cargo capacity, all seats in place|29.6 cu.ft.| Maximum cargo capacity|46.2 cu.ft."
"384",2025,"Lexus","RX","350 Premium Plus","ice","SUV","all wheel drive","",29.6,46.2,,"lookup_shared","https://www.edmunds.com/lexus/rx/2025/st-402056875/features-specs/","Cargo capacity, all seats in place|29.6 cu.ft.| Maximum cargo capacity|46.2 cu.ft."
"414",2025,"Lincoln","Nautilus","Black Label","hev","SUV","all wheel drive","",35.2,68.8,,"lookup_exact","https://www.thedrive.com/car-reviews/2025-lincoln-nautilus-hybrid-review","For an extra $2,000, buyers can add an electric motor to bump those figures to 310 hp and 295 lb-ft. | Hybrid variants run approximately $2000 higher. | Returning for 2025 are Premier ($53,485), Reserve ($62,705), and Black Label ($76,645) trim levels. [Consumer Guide figures include destination] | hybrid powertrain offered as a $2,000 upgrade on all three 2025 Lincoln Nautilus trims"
"415",2025,"Lincoln","Nautilus","Premiere","hev","SUV","all wheel drive","",36.4,71.3,,"lookup_exact","https://www.thedrive.com/car-reviews/2025-lincoln-nautilus-hybrid-review","For an extra $2,000, buyers can add an electric motor to bump those figures to 310 hp and 295 lb-ft. | Also, the hybrid powertrain option now costs $500 more, totaling $2,000. | Starting MSRP $53,940 | Horsepower (Total system net) 310 @ 5,500* [Premiere Hybrid] | There's also a hybrid powertrain offered as a $2,000 upgrade on all three 2025 Lincoln Nautilus trims. ... 310 total system horsepower"
"416",2025,"Lincoln","Nautilus","Reserve","hev","SUV","all wheel drive","",35.2,68.8,,"lookup_exact","https://www.thedrive.com/car-reviews/2025-lincoln-nautilus-hybrid-review","For an extra $2,000, buyers can add an electric motor to bump those figures to 310 hp and 295 lb-ft. | the hybrid option is an additional $2,000 | Starting MSRP [Reserve gas] $64,775 [Edmunds display often includes destination; catalog/features excl. dest $63,180 = $64,775−$1,595] | hybrid powertrain offered as a $2,000 upgrade on all three 2025 Lincoln Nautilus trims | Cargo Volume Reserve/Black"
"414",2025,"Lincoln","Nautilus","Black Label","ice","SUV","all wheel drive","",35.2,68.8,,"lookup_exact","https://www.thedrive.com/car-reviews/2025-lincoln-nautilus-hybrid-review","For an extra $2,000, buyers can add an electric motor to bump those figures to 310 hp and 295 lb-ft. | Hybrid variants run approximately $2000 higher. | Returning for 2025 are Premier ($53,485), Reserve ($62,705), and Black Label ($76,645) trim levels. [Consumer Guide figures include destination] | hybrid powertrain offered as a $2,000 upgrade on all three 2025 Lincoln Nautilus trims"
"415",2025,"Lincoln","Nautilus","Premiere","ice","SUV","all wheel drive","",36.4,71.3,,"lookup_exact","https://www.thedrive.com/car-reviews/2025-lincoln-nautilus-hybrid-review","For an extra $2,000, buyers can add an electric motor to bump those figures to 310 hp and 295 lb-ft. | Also, the hybrid powertrain option now costs $500 more, totaling $2,000. | Starting MSRP $53,940 | Horsepower (Total system net) 310 @ 5,500* [Premiere Hybrid] | There's also a hybrid powertrain offered as a $2,000 upgrade on all three 2025 Lincoln Nautilus trims. ... 310 total system horsepower"
"416",2025,"Lincoln","Nautilus","Reserve","ice","SUV","all wheel drive","",35.2,68.8,,"lookup_exact","https://www.thedrive.com/car-reviews/2025-lincoln-nautilus-hybrid-review","For an extra $2,000, buyers can add an electric motor to bump those figures to 310 hp and 295 lb-ft. | the hybrid option is an additional $2,000 | Starting MSRP [Reserve gas] $64,775 [Edmunds display often includes destination; catalog/features excl. dest $63,180 = $64,775−$1,595] | hybrid powertrain offered as a $2,000 upgrade on all three 2025 Lincoln Nautilus trims | Cargo Volume Reserve/Black"
"421",2025,"Mazda","CX-50","Hybrid Preferred","hev","SUV","all wheel drive","",29.2,56.3,,"lookup_shared","https://www.edmunds.com/mazda/cx-50/2025/st-402039501/features-specs/","Cargo capacity, all seats in place|29.2 cu.ft."
"420",2025,"Mazda","CX-50","Hybrid Premium","hev","SUV","all wheel drive","",29.2,56.3,,"lookup_shared","https://www.edmunds.com/mazda/cx-50/2025/st-402039500/features-specs/","Cargo capacity, all seats in place|29.2 cu.ft."
"421",2025,"Mazda","CX-50","2.5 S Preferred","ice","SUV","all wheel drive","",31.4,56.3,,"lookup_shared","https://www.edmunds.com/mazda/cx-50/2025/st-402039493/features-specs/","Cargo capacity, all seats in place|31.4 cu.ft.|Maximum cargo capacity|56.3 cu.ft."
"420",2025,"Mazda","CX-50","2.5 S Premium","ice","SUV","all wheel drive","",31.4,56.3,,"lookup_exact","https://www.edmunds.com/mazda/cx-50/2025/st-402039493/features-specs/","Cargo capacity, all seats in place|31.4 cu.ft.|Maximum cargo capacity|56.3 cu.ft."
"451",2025,"Subaru","Forester","Touring Hybrid","hev","SUV","all wheel drive","",27.5,69.1,,"lookup_shared","https://www.subaru.com/services/vehicles/pdf/trimComparison/2025/FOR","Cargo volume ... 27.5 cubic feet ... Maximum cargo volume ... 69.1 cubic feet with rear seat lowered"
"451",2025,"Subaru","Forester","Touring","ice","SUV","all wheel drive","",27.5,69.1,,"lookup_shared","https://www.subaru.com/services/vehicles/pdf/trimComparison/2025/FOR","Cargo volume ... 27.5 cubic feet ... Maximum cargo volume ... 69.1 cubic feet with rear seat lowered"
"456",2025,"Toyota","4Runner","Limited","hev","SUV","four wheel drive","",42.6,82.6,,"lookup_shared","https://www.edmunds.com/toyota/4runner/2025/st-402064222/features-specs/","Cargo capacity, all seats in place|42.6 cu.ft.|Maximum cargo capacity|82.6 cu.ft."
"454",2025,"Toyota","4Runner","TRD Off-Road","hev","SUV","four wheel drive","",42.6,82.6,,"lookup_shared","https://www.edmunds.com/toyota/4runner/2025/hybrid/","Cargo Capacity All Seats In Place|42.6 cu.ft."
"455",2025,"Toyota","4Runner","TRD Off-Road Premium","hev","SUV","four wheel drive","",42.6,82.6,,"lookup_shared","https://www.edmunds.com/toyota/4runner/2025/st-402064221/features-specs/","Cargo capacity, all seats in place|42.6 cu.ft.|Maximum cargo capacity|82.6 cu.ft."
"456",2025,"Toyota","4Runner","Limited","ice","SUV","four wheel drive","",48.4,90.2,,"lookup_shared","https://www.edmunds.com/toyota/4runner/2025/features-specs/","Cargo capacity, all seats in place|48.4 cu.ft.|Maximum cargo capacity|90.2 cu.ft."
"454",2025,"Toyota","4Runner","TRD Off-Road","ice","SUV","four wheel drive","",48.4,90.2,,"lookup_shared","https://www.edmunds.com/toyota/4runner/2025/features-specs/","Cargo capacity, all seats in place|48.4 cu.ft.|Maximum cargo capacity|90.2 cu.ft."
"455",2025,"Toyota","4Runner","TRD Off-Road Premium","ice","SUV","four wheel drive","",48.4,90.2,,"lookup_shared","https://www.edmunds.com/toyota/4runner/2025/st-402064212/features-specs/","Cargo capacity, all seats in place|48.4 cu.ft.|Maximum cargo capacity|90.2 cu.ft."
"536",2025,"Toyota","Corolla","LE","hev","Sedan","front wheel drive","",13.1,,,"lookup_shared","https://www.edmunds.com/toyota/corolla-hybrid/2025/st-402032598/features-specs/","Cargo capacity, all seats in place|13.1 cu.ft."
"537",2025,"Toyota","Corolla","SE","hev","Sedan","front wheel drive","",13.1,,,"lookup_shared","https://www.edmunds.com/toyota/corolla-hybrid/2025/st-402052278/features-specs/","Cargo capacity, all seats in place|13.1 cu.ft."
"536",2025,"Toyota","Corolla","LE","ice","Sedan","front wheel drive","",13.1,,,"lookup_shared","https://www.edmunds.com/toyota/corolla/2025/features-specs/","Cargo Capacity|13.1 cu.ft."
"537",2025,"Toyota","Corolla","SE","ice","Sedan","front wheel drive","",13.1,,,"lookup_shared","https://www.edmunds.com/toyota/corolla/2025/features-specs/","Cargo Capacity|13.1 cu.ft."
"546",2025,"Toyota","Corolla Cross","S","hev","SUV","all wheel drive","",21.5,61.8,,"lookup_shared","https://www.edmunds.com/toyota/corolla-cross-hybrid/2025/features-specs/","Cargo capacity, all seats in place|21.5 cu.ft.|Maximum cargo capacity|61.8 cu.ft."
"547",2025,"Toyota","Corolla Cross","SE","hev","SUV","all wheel drive","",21.5,61.8,,"lookup_shared","https://www.edmunds.com/toyota/corolla-cross-hybrid/2025/features-specs/","Cargo capacity, all seats in place|21.5 cu.ft.|Maximum cargo capacity|61.8 cu.ft."
"548",2025,"Toyota","Corolla Cross","XSE","hev","SUV","all wheel drive","",21.5,61.8,,"lookup_shared","https://www.edmunds.com/toyota/corolla-cross-hybrid/2025/st-402059543/features-specs/","Cargo capacity, all seats in place|21.5 cu.ft.|Maximum cargo capacity|61.8 cu.ft."
"546",2025,"Toyota","Corolla Cross","L","ice","SUV","all wheel drive","",21.5,,,"lookup_shared","https://www.edmunds.com/toyota/corolla-cross/2025/st-402059425/features-specs/","Cargo capacity, all seats in place|21.5 cu.ft."
"547",2025,"Toyota","Corolla Cross","LE","ice","SUV","all wheel drive","",21.5,,,"lookup_shared","https://www.edmunds.com/toyota/corolla-cross/2025/st-402059425/features-specs/","Cargo capacity, all seats in place|21.5 cu.ft."
"548",2025,"Toyota","Corolla Cross","XLE","ice","SUV","all wheel drive","",21.5,,,"lookup_shared","https://www.edmunds.com/toyota/corolla-cross/2025/st-402059424/features-specs/","Cargo capacity, all seats in place|21.5 cu.ft."
"558",2025,"Toyota","Grand Highlander","LE","hev","SUV","all wheel drive","",20.6,97.5,57.9,"lookup_shared","https://www.edmunds.com/toyota/grand-highlander-hybrid/2025/st-402058704/features-specs/","Cargo capacity, all seats in place|20.6 cu.ft.|Maximum cargo capacity|97.5 cu.ft."
"555",2025,"Toyota","Grand Highlander","Limited","hev","SUV","all wheel drive","",20.6,97.5,57.9,"lookup_shared","https://www.caranddriver.com/toyota/grand-highlander-hybrid/specs/2025/toyota_grand-highlander-hybrid_2025-toyota-grand-highlander-hybrid_2025","Cargo Space/Area Behind Front Row (cubic feet) 97.5|Behind Second Row (cubic feet) 57.9|Behind Third Row (cubic feet) 20.6"
"556",2025,"Toyota","Grand Highlander","XLE","hev","SUV","all wheel drive","",20.6,97.5,57.9,"lookup_shared","https://www.caranddriver.com/toyota/grand-highlander-hybrid/specs/2025/toyota_grand-highlander-hybrid_2025-toyota-grand-highlander-hybrid_2025","Cargo Space/Area Behind Front Row (cubic feet) 97.5|Behind Second Row (cubic feet) 57.9|Behind Third Row (cubic feet) 20.6"
"557",2025,"Toyota","Grand Highlander","XLE","hev","SUV","front wheel drive","",20.6,97.5,57.9,"lookup_shared","https://www.edmunds.com/toyota/grand-highlander-hybrid/2025/st-402058704/features-specs/","Cargo capacity, all seats in place|20.6 cu.ft.|Maximum cargo capacity|97.5 cu.ft."
"558",2025,"Toyota","Grand Highlander","LE","ice","SUV","all wheel drive","",20.6,97.5,57.9,"lookup_shared","https://www.edmunds.com/toyota/grand-highlander/2025/st-402039717/features-specs/","Cargo capacity, all seats in place|20.6 cu.ft.|Maximum cargo capacity|97.5 cu.ft."
"555",2025,"Toyota","Grand Highlander","Limited","ice","SUV","all wheel drive","",20.6,97.5,57.9,"lookup_shared","https://www.edmunds.com/toyota/grand-highlander/2025/st-402039717/features-specs/","Cargo capacity, all seats in place|20.6 cu.ft.|Maximum cargo capacity|97.5 cu.ft."
"556",2025,"Toyota","Grand Highlander","XLE","ice","SUV","all wheel drive","",20.6,97.5,57.9,"lookup_shared","https://www.edmunds.com/toyota/grand-highlander/2025/st-402039717/features-specs/","Cargo capacity, all seats in place|20.6 cu.ft.|Maximum cargo capacity|97.5 cu.ft."
"557",2025,"Toyota","Grand Highlander","XLE","ice","SUV","front wheel drive","",20.6,97.5,57.9,"lookup_shared","https://www.edmunds.com/toyota/grand-highlander/2025/st-402039717/features-specs/","Cargo capacity, all seats in place|20.6 cu.ft.|Maximum cargo capacity|97.5 cu.ft."
"625",2025,"Toyota","Highlander","Limited","hev","SUV","all wheel drive","",16,84.3,48.4,"lookup_shared","https://www.edmunds.com/toyota/highlander-hybrid/2025/features-specs/","Cargo capacity, all seats in place|16.0 cu.ft.|Maximum cargo capacity|84.3 cu.ft."
"624",2025,"Toyota","Highlander","Platinum","hev","SUV","all wheel drive","",16,84.3,48.4,"lookup_shared","https://www.edmunds.com/toyota/highlander-hybrid/2025/features-specs/","Cargo capacity, all seats in place|16.0 cu.ft.|Maximum cargo capacity|84.3 cu.ft."
"623",2025,"Toyota","Highlander","XLE","hev","SUV","all wheel drive","",16,84.3,48.4,"lookup_shared","https://www.caranddriver.com/toyota/highlander-hybrid/specs/2025/toyota_highlander-hybrid_toyota-highlander-hybrid_2025","Cargo Space/Area Behind Front Row (cubic feet) 84.3|Behind Second Row (cubic feet) 48.4|Behind Third Row (cubic feet) 16"
"625",2025,"Toyota","Highlander","Limited","ice","SUV","all wheel drive","",16,84.3,48.4,"lookup_shared","https://www.edmunds.com/toyota/highlander/2025/features-specs/","Cargo capacity, all seats in place|16.0 cu.ft.|Maximum cargo capacity|84.3 cu.ft."
"624",2025,"Toyota","Highlander","Platinum","ice","SUV","all wheel drive","",16,84.3,48.4,"lookup_shared","https://www.caranddriver.com/toyota/highlander/specs/2025/toyota_highlander_toyota-highlander_2025","Cargo Space/Area Behind Front Row (cubic feet) 84.3|Behind Second Row (cubic feet) 48.4|Behind Third Row (cubic feet) 16"
"623",2025,"Toyota","Highlander","XLE","ice","SUV","all wheel drive","",16,84.3,48.4,"lookup_shared","https://www.edmunds.com/toyota/highlander/2025/features-specs/","Cargo capacity, all seats in place|16.0 cu.ft.|Maximum cargo capacity|84.3 cu.ft."
"659",2025,"Toyota","RAV4","LE","hev","SUV","all wheel drive","",37.5,69.8,,"lookup_shared","https://www.edmunds.com/toyota/rav4-hybrid/2025/features-specs/","Cargo capacity, all seats in place|37.5 cu.ft.|Maximum cargo capacity|69.8 cu.ft."
"661",2025,"Toyota","RAV4","Limited","hev","SUV","all wheel drive","",37.5,69.8,,"lookup_shared","https://www.edmunds.com/toyota/rav4-hybrid/2025/st-402059200/features-specs/","Cargo capacity, all seats in place|37.5 cu.ft.|Maximum cargo capacity|69.8 cu.ft."
"662",2025,"Toyota","RAV4","XLE","hev","SUV","all wheel drive","",37.5,69.8,,"lookup_shared","https://www.edmunds.com/toyota/rav4-hybrid/2025/st-402059200/features-specs/","Cargo capacity, all seats in place|37.5 cu.ft.|Maximum cargo capacity|69.8 cu.ft."
"660",2025,"Toyota","RAV4","XLE Premium","hev","SUV","all wheel drive","",37.5,69.8,,"lookup_shared","https://www.edmunds.com/toyota/rav4-hybrid/2025/features-specs/","Cargo capacity, all seats in place|37.5 cu.ft.|Maximum cargo capacity|69.8 cu.ft."
"659",2025,"Toyota","RAV4","LE","ice","SUV","all wheel drive","",37.5,69.8,,"lookup_shared","https://www.edmunds.com/toyota/rav4/2025/st-402058253/features-specs/","Cargo capacity, all seats in place|37.5 cu.ft.|Maximum cargo capacity|69.8 cu.ft."
"661",2025,"Toyota","RAV4","Limited","ice","SUV","all wheel drive","",37.5,69.8,,"lookup_shared","https://www.edmunds.com/toyota/rav4/2025/st-402058253/features-specs/","Cargo capacity, all seats in place|37.5 cu.ft.|Maximum cargo capacity|69.8 cu.ft."
"662",2025,"Toyota","RAV4","XLE","ice","SUV","all wheel drive","",37.5,69.8,,"lookup_shared","https://www.edmunds.com/toyota/rav4/2025/st-402058250/features-specs/","Cargo capacity, all seats in place|37.5 cu.ft.|Maximum cargo capacity|69.8 cu.ft."
"660",2025,"Toyota","RAV4","XLE Premium","ice","SUV","all wheel drive","",37.5,69.8,,"lookup_shared","https://www.edmunds.com/toyota/rav4/2025/st-402058253/features-specs/","Cargo capacity, all seats in place|37.5 cu.ft.|Maximum cargo capacity|69.8 cu.ft."
"54",2026,"Ford","Escape","Platinum","hev","SUV","all wheel drive","",34.4,60.8,,"lookup_shared","https://www.edmunds.com/ford/escape/2026/trims/","Cargo Space 34.4 cu. ft. ... Cargo Space, Rear Seat Down or Removed 60.8 cu. ft."
"56",2026,"Ford","Escape","ST-Line Elite","hev","SUV","all wheel drive","",34.4,60.8,,"lookup_shared","https://www.edmunds.com/ford/escape/2026/trims/","Cargo Space 34.4 cu. ft. ... Cargo Space, Rear Seat Down or Removed 60.8 cu. ft."
"55",2026,"Ford","Escape","ST-Line Select","hev","SUV","all wheel drive","",34.4,60.8,,"lookup_shared","https://www.edmunds.com/ford/escape/2026/trims/","Cargo Space 34.4 cu. ft. ... Cargo Space, Rear Seat Down or Removed 60.8 cu. ft."
"54",2026,"Ford","Escape","Platinum","ice","SUV","all wheel drive","",37.5,65.4,,"lookup_shared","https://www.edmunds.com/ford/escape/2026/trims/","Cargo Space 37.5 cu. ft. ... Cargo Space, Rear Seat Down or Removed 65.4 cu. ft."
"56",2026,"Ford","Escape","ST-Line Elite","ice","SUV","all wheel drive","",37.5,65.4,,"lookup_shared","https://www.edmunds.com/ford/escape/2026/trims/","Cargo Space 37.5 cu. ft. ... Cargo Space, Rear Seat Down or Removed 65.4 cu. ft."
"55",2026,"Ford","Escape","ST-Line Select","ice","SUV","all wheel drive","",37.5,65.4,,"lookup_shared","https://www.edmunds.com/ford/escape/2026/trims/","Cargo Space 37.5 cu. ft. ... Cargo Space, Rear Seat Down or Removed 65.4 cu. ft."
"186",2026,"Honda","CR-V","Sport Hybrid","hev","SUV","all wheel drive","",36.3,71.8,,"lookup_exact","https://hondanews.com/en-US/honda-automobiles/releases/release-2ecca7d29f72bf212c56033cca000993-2026-honda-cr-v-specifications-features-updated","Cargo Volume (cu ft.) - Behind First Row Standard/Max ... Sport ... 36.3 / 71.8; Behind Second Row ... 36.3"
"184",2026,"Honda","CR-V","Sport Hybrid","hev","SUV","front wheel drive","",36.3,71.8,,"lookup_exact","https://hondanews.com/en-US/honda-automobiles/releases/release-2ecca7d29f72bf212c56033cca000993-2026-honda-cr-v-specifications-features-updated","Cargo Volume (cu ft.) - Behind First Row Standard/Max ... Sport ... 36.3 / 71.8; Behind Second Row ... 36.3"
"185",2026,"Honda","CR-V","Sport-L Hybrid","hev","SUV","all wheel drive","",36.3,71.8,,"lookup_exact","https://hondanews.com/en-US/honda-automobiles/releases/release-2ecca7d29f72bf212c56033cca000993-2026-honda-cr-v-specifications-features-updated","Cargo Volume (cu ft.) - Behind First Row Standard/Max ... Sport ... 36.3 / 71.8; Behind Second Row ... 36.3"
"183",2026,"Honda","CR-V","Sport-L Hybrid","hev","SUV","front wheel drive","",36.3,71.8,,"lookup_exact","https://hondanews.com/en-US/honda-automobiles/releases/release-2ecca7d29f72bf212c56033cca000993-2026-honda-cr-v-specifications-features-updated","Cargo Volume (cu ft.) - Behind First Row Standard/Max ... Sport ... 36.3 / 71.8; Behind Second Row ... 36.3"
"186",2026,"Honda","CR-V","EX","ice","SUV","all wheel drive","",39.3,76.5,,"lookup_exact","https://hondanews.com/en-US/honda-automobiles/releases/release-2ecca7d29f72bf212c56033cca000993-2026-honda-cr-v-specifications-features-updated","Cargo Volume (cu ft.) - Behind First Row Standard/Max ... 39.3 / 76.5; Behind Second Row ... 39.3"
"184",2026,"Honda","CR-V","EX","ice","SUV","front wheel drive","",39.3,76.5,,"lookup_exact","https://hondanews.com/en-US/honda-automobiles/releases/release-2ecca7d29f72bf212c56033cca000993-2026-honda-cr-v-specifications-features-updated","Cargo Volume (cu ft.) - Behind First Row Standard/Max ... 39.3 / 76.5; Behind Second Row ... 39.3"
"185",2026,"Honda","CR-V","EX-L","ice","SUV","all wheel drive","",39.3,76.5,,"lookup_exact","https://hondanews.com/en-US/honda-automobiles/releases/release-2ecca7d29f72bf212c56033cca000993-2026-honda-cr-v-specifications-features-updated","Cargo Volume (cu ft.) - Behind First Row Standard/Max ... 39.3 / 76.5; Behind Second Row ... 39.3"
"183",2026,"Honda","CR-V","EX-L","ice","SUV","front wheel drive","",39.3,76.5,,"lookup_exact","https://hondanews.com/en-US/honda-automobiles/releases/release-2ecca7d29f72bf212c56033cca000993-2026-honda-cr-v-specifications-features-updated","Cargo Volume (cu ft.) - Behind First Row Standard/Max ... 39.3 / 76.5; Behind Second Row ... 39.3"
"197",2026,"Hyundai","Elantra","Limited","hev","Sedan","front wheel drive","",14.2,,,"lookup_shared","https://www.hyundaiusa.com/us/en/vehicles/elantra-hybrid/compare-specs","Cargo volume (cu. ft.) 14.2 14.2 14.2"
"197",2026,"Hyundai","Elantra","Limited","ice","Sedan","front wheel drive","",14.2,,,"lookup_shared","https://www.edmunds.com/hyundai/elantra/","Trunk space is slightly above average for the class, at 14.2 cubic feet."
"203",2026,"Hyundai","Palisade","Hybrid Calligraphy","hev","SUV","all wheel drive","",19.1,86.7,46.3,"lookup_shared","https://www.hyundaiusa.com/us/en/vehicles/2026-palisade-hybrid/compare-specs","Cargo capacity, behind 3rd row (cu. ft.) 19.1; behind 2nd row 46.3; behind front seats 86.7"
"198",2026,"Hyundai","Palisade","Hybrid Calligraphy","hev","SUV","front wheel drive","",19.1,86.7,46.3,"lookup_shared","https://www.hyundaiusa.com/us/en/vehicles/2026-palisade-hybrid/compare-specs","Cargo capacity, behind 3rd row (cu. ft.) 19.1; behind 2nd row 46.3; behind front seats 86.7"
"201",2026,"Hyundai","Palisade","Hybrid Limited","hev","SUV","all wheel drive","",19.1,86.7,46.3,"lookup_shared","https://www.hyundaiusa.com/us/en/vehicles/2026-palisade-hybrid/compare-specs","Cargo capacity, behind 3rd row (cu. ft.) 19.1; behind 2nd row 46.3; behind front seats 86.7"
"200",2026,"Hyundai","Palisade","Hybrid Limited","hev","SUV","front wheel drive","",19.1,86.7,46.3,"lookup_shared","https://www.hyundaiusa.com/us/en/vehicles/2026-palisade-hybrid/compare-specs","Cargo capacity, behind 3rd row (cu. ft.) 19.1; behind 2nd row 46.3; behind front seats 86.7"
"199",2026,"Hyundai","Palisade","Hybrid SEL","hev","SUV","all wheel drive","7 Passenger Seating",19.1,86.7,46.3,"lookup_shared","https://www.hyundaiusa.com/us/en/vehicles/2026-palisade-hybrid/compare-specs","Cargo capacity, behind 3rd row (cu. ft.) 19.1; behind 2nd row 46.3; behind front seats 86.7"
"205",2026,"Hyundai","Palisade","Hybrid SEL","hev","SUV","all wheel drive","8 Passenger Seating",19.1,86.7,46.3,"lookup_shared","https://www.hyundaiusa.com/us/en/vehicles/2026-palisade-hybrid/compare-specs","Cargo capacity, behind 3rd row (cu. ft.) 19.1; behind 2nd row 46.3; behind front seats 86.7"
"202",2026,"Hyundai","Palisade","Hybrid SEL Premium","hev","SUV","all wheel drive","7 Passenger Seating",19.1,86.7,46.3,"lookup_shared","https://www.hyundaiusa.com/us/en/vehicles/2026-palisade-hybrid/compare-specs","Cargo capacity, behind 3rd row (cu. ft.) 19.1; behind 2nd row 46.3; behind front seats 86.7"
"204",2026,"Hyundai","Palisade","Hybrid SEL Premium","hev","SUV","all wheel drive","8 Passenger Seating",19.1,86.7,46.3,"lookup_shared","https://www.hyundaiusa.com/us/en/vehicles/2026-palisade-hybrid/compare-specs","Cargo capacity, behind 3rd row (cu. ft.) 19.1; behind 2nd row 46.3; behind front seats 86.7"
"203",2026,"Hyundai","Palisade","Calligraphy","ice","SUV","all wheel drive","",19.1,86.7,46.3,"lookup_shared","https://www.hyundaiusa.com/us/en/vehicles/palisade/compare-specs","Cargo capacity, behind 3rd row (cu. ft.) 19.1; behind 2nd row 46.3; behind front seats 86.7"
"198",2026,"Hyundai","Palisade","Calligraphy","ice","SUV","front wheel drive","",19.1,86.7,46.3,"lookup_shared","https://www.hyundaiusa.com/us/en/vehicles/palisade/compare-specs","Cargo capacity, behind 3rd row (cu. ft.) 19.1; behind 2nd row 46.3; behind front seats 86.7"
"201",2026,"Hyundai","Palisade","Limited","ice","SUV","all wheel drive","",19.1,86.7,46.3,"lookup_shared","https://www.hyundaiusa.com/us/en/vehicles/palisade/compare-specs","Cargo capacity, behind 3rd row (cu. ft.) 19.1; behind 2nd row 46.3; behind front seats 86.7"
"200",2026,"Hyundai","Palisade","Limited","ice","SUV","front wheel drive","",19.1,86.7,46.3,"lookup_shared","https://www.hyundaiusa.com/us/en/vehicles/palisade/compare-specs","Cargo capacity, behind 3rd row (cu. ft.) 19.1; behind 2nd row 46.3; behind front seats 86.7"
"199",2026,"Hyundai","Palisade","SEL","ice","SUV","all wheel drive","7 Passenger Seating",19.1,86.7,46.3,"lookup_shared","https://www.hyundaiusa.com/us/en/vehicles/palisade/compare-specs","Cargo capacity, behind 3rd row (cu. ft.) 19.1; behind 2nd row 46.3; behind front seats 86.7"
"205",2026,"Hyundai","Palisade","SEL","ice","SUV","all wheel drive","8 Passenger Seating",19.1,86.7,46.3,"lookup_shared","https://www.hyundaiusa.com/us/en/vehicles/palisade/compare-specs","Cargo capacity, behind 3rd row (cu. ft.) 19.1; behind 2nd row 46.3; behind front seats 86.7"
"202",2026,"Hyundai","Palisade","SEL Premium","ice","SUV","all wheel drive","7 Passenger Seating",19.1,86.7,46.3,"lookup_shared","https://www.hyundaiusa.com/us/en/vehicles/palisade/compare-specs","Cargo capacity, behind 3rd row (cu. ft.) 19.1; behind 2nd row 46.3; behind front seats 86.7"
"204",2026,"Hyundai","Palisade","SEL Premium","ice","SUV","all wheel drive","8 Passenger Seating",19.1,86.7,46.3,"lookup_shared","https://www.hyundaiusa.com/us/en/vehicles/palisade/compare-specs","Cargo capacity, behind 3rd row (cu. ft.) 19.1; behind 2nd row 46.3; behind front seats 86.7"
"223",2026,"Hyundai","Santa Fe","Calligraphy Hybrid","hev","SUV","all wheel drive","",14.6,79.6,40.5,"lookup_shared","https://www.hyundaiusa.com/us/en/vehicles/2026-santa-fe-hybrid/compare-specs","Cargo volume (cu. ft.) Behind 3rd row 14.6; Behind 2nd row 40.5; Behind front seats 79.6"
"224",2026,"Hyundai","Santa Fe","Calligraphy Hybrid","hev","SUV","front wheel drive","",14.6,79.6,40.5,"lookup_shared","https://www.hyundaiusa.com/us/en/vehicles/2026-santa-fe-hybrid/compare-specs","Cargo volume (cu. ft.) Behind 3rd row 14.6; Behind 2nd row 40.5; Behind front seats 79.6"
"221",2026,"Hyundai","Santa Fe","Limited Hybrid","hev","SUV","all wheel drive","",14.6,79.6,40.5,"lookup_shared","https://www.hyundaiusa.com/us/en/vehicles/2026-santa-fe-hybrid/compare-specs","Cargo volume (cu. ft.) Behind 3rd row 14.6; Behind 2nd row 40.5; Behind front seats 79.6"
"225",2026,"Hyundai","Santa Fe","Limited Hybrid","hev","SUV","front wheel drive","",14.6,79.6,40.5,"lookup_shared","https://www.hyundaiusa.com/us/en/vehicles/2026-santa-fe-hybrid/compare-specs","Cargo volume (cu. ft.) Behind 3rd row 14.6; Behind 2nd row 40.5; Behind front seats 79.6"
"227",2026,"Hyundai","Santa Fe","SE Hybrid","hev","SUV","all wheel drive","",14.6,79.6,40.5,"lookup_shared","https://www.hyundaiusa.com/us/en/vehicles/2026-santa-fe-hybrid/compare-specs","Cargo volume (cu. ft.) Behind 3rd row 14.6; Behind 2nd row 40.5; Behind front seats 79.6"
"228",2026,"Hyundai","Santa Fe","SE Hybrid","hev","SUV","front wheel drive","",14.6,79.6,40.5,"lookup_shared","https://www.hyundaiusa.com/us/en/vehicles/2026-santa-fe-hybrid/compare-specs","Cargo volume (cu. ft.) Behind 3rd row 14.6; Behind 2nd row 40.5; Behind front seats 79.6"
"222",2026,"Hyundai","Santa Fe","SEL Hybrid","hev","SUV","all wheel drive","",14.6,79.6,40.5,"lookup_shared","https://www.hyundaiusa.com/us/en/vehicles/2026-santa-fe-hybrid/compare-specs","Cargo volume (cu. ft.) Behind 3rd row 14.6; Behind 2nd row 40.5; Behind front seats 79.6"
"226",2026,"Hyundai","Santa Fe","SEL Hybrid","hev","SUV","front wheel drive","",14.6,79.6,40.5,"lookup_shared","https://www.hyundaiusa.com/us/en/vehicles/2026-santa-fe-hybrid/compare-specs","Cargo volume (cu. ft.) Behind 3rd row 14.6; Behind 2nd row 40.5; Behind front seats 79.6"
"223",2026,"Hyundai","Santa Fe","Calligraphy","ice","SUV","all wheel drive","",14.6,79.6,40.5,"lookup_shared","https://www.hyundaiusa.com/us/en/vehicles/2026-santa-fe/compare-specs","Cargo volume (cu. ft.) Behind 3rd row 14.6; Behind 2nd row 40.5; Behind front seats 79.6"
"224",2026,"Hyundai","Santa Fe","Calligraphy","ice","SUV","front wheel drive","",14.6,79.6,40.5,"lookup_shared","https://www.hyundaiusa.com/us/en/vehicles/2026-santa-fe/compare-specs","Cargo volume (cu. ft.) Behind 3rd row 14.6; Behind 2nd row 40.5; Behind front seats 79.6"
"221",2026,"Hyundai","Santa Fe","Limited","ice","SUV","all wheel drive","",14.6,79.6,40.5,"lookup_shared","https://www.hyundaiusa.com/us/en/vehicles/2026-santa-fe/compare-specs","Cargo volume (cu. ft.) Behind 3rd row 14.6; Behind 2nd row 40.5; Behind front seats 79.6"
"225",2026,"Hyundai","Santa Fe","Limited","ice","SUV","front wheel drive","",14.6,79.6,40.5,"lookup_shared","https://www.hyundaiusa.com/us/en/vehicles/2026-santa-fe/compare-specs","Cargo volume (cu. ft.) Behind 3rd row 14.6; Behind 2nd row 40.5; Behind front seats 79.6"
"227",2026,"Hyundai","Santa Fe","SE","ice","SUV","all wheel drive","",14.6,79.6,40.5,"lookup_shared","https://www.hyundaiusa.com/us/en/vehicles/2026-santa-fe/compare-specs","Cargo volume (cu. ft.) Behind 3rd row 14.6; Behind 2nd row 40.5; Behind front seats 79.6"
"228",2026,"Hyundai","Santa Fe","SE","ice","SUV","front wheel drive","",14.6,79.6,40.5,"lookup_shared","https://www.hyundaiusa.com/us/en/vehicles/2026-santa-fe/compare-specs","Cargo volume (cu. ft.) Behind 3rd row 14.6; Behind 2nd row 40.5; Behind front seats 79.6"
"222",2026,"Hyundai","Santa Fe","SEL","ice","SUV","all wheel drive","",14.6,79.6,40.5,"lookup_shared","https://www.hyundaiusa.com/us/en/vehicles/2026-santa-fe/compare-specs","Cargo volume (cu. ft.) Behind 3rd row 14.6; Behind 2nd row 40.5; Behind front seats 79.6"
"226",2026,"Hyundai","Santa Fe","SEL","ice","SUV","front wheel drive","",14.6,79.6,40.5,"lookup_shared","https://www.hyundaiusa.com/us/en/vehicles/2026-santa-fe/compare-specs","Cargo volume (cu. ft.) Behind 3rd row 14.6; Behind 2nd row 40.5; Behind front seats 79.6"
"236",2026,"Hyundai","Tucson","Hybrid Limited","hev","SUV","all wheel drive","",38.7,74.5,,"lookup_shared","https://www.edmunds.com/hyundai/tucson/2026/hybrid/st-402080732/features-specs/","Cargo capacity, all seats in place|38.7 cu.ft.|Maximum cargo capacity|74.5 cu.ft."
"237",2026,"Hyundai","Tucson","Hybrid SEL","hev","SUV","all wheel drive","",38.7,74.5,,"lookup_shared","https://www.edmunds.com/hyundai/tucson/2026/hybrid/st-402080732/features-specs/","Cargo capacity, all seats in place|38.7 cu.ft.|Maximum cargo capacity|74.5 cu.ft."
"236",2026,"Hyundai","Tucson","Limited","ice","SUV","all wheel drive","",38.7,74.8,,"lookup_shared","https://www.edmunds.com/hyundai/tucson/2026/st-402080728/features-specs/","Cargo capacity, all seats in place|38.7 cu.ft.|Maximum cargo capacity|74.8 cu.ft."
"237",2026,"Hyundai","Tucson","SEL","ice","SUV","all wheel drive","",38.7,74.8,,"lookup_shared","https://www.edmunds.com/hyundai/tucson/2026/st-402080728/features-specs/","Cargo capacity, all seats in place|38.7 cu.ft.|Maximum cargo capacity|74.8 cu.ft."
"262",2026,"Kia","Carnival","EX","hev","Minivan","front wheel drive","",40.2,145.1,86.9,"lookup_shared","https://www.caranddriver.com/kia/carnival-hybrid/specs/2026/kia_carnival-hybrid_kia-carnival-hybrid_2026","Cargo Space/Area Behind Front Row (cubic feet) 145.1; Behind Second Row 86.9; Behind Third Row 40.2"
"261",2026,"Kia","Carnival","LXS","hev","Minivan","front wheel drive","",40.2,145.1,86.9,"lookup_shared","https://www.caranddriver.com/kia/carnival-hybrid/specs/2026/kia_carnival-hybrid_kia-carnival-hybrid_2026","Cargo Space/Area Behind Front Row (cubic feet) 145.1; Behind Second Row 86.9; Behind Third Row 40.2"
"264",2026,"Kia","Carnival","SX","hev","Minivan","front wheel drive","",40.2,145.1,86.9,"lookup_shared","https://www.caranddriver.com/kia/carnival-hybrid/specs/2026/kia_carnival-hybrid_kia-carnival-hybrid_2026","Cargo Space/Area Behind Front Row (cubic feet) 145.1; Behind Second Row 86.9; Behind Third Row 40.2"
"263",2026,"Kia","Carnival","SX Prestige","hev","Minivan","front wheel drive","",40.2,145.1,86.9,"lookup_shared","https://www.caranddriver.com/kia/carnival-hybrid/specs/2026/kia_carnival-hybrid_kia-carnival-hybrid_2026","Cargo Space/Area Behind Front Row (cubic feet) 145.1; Behind Second Row 86.9; Behind Third Row 40.2"
"262",2026,"Kia","Carnival","EX","ice","Minivan","front wheel drive","",40.2,145.1,86.9,"lookup_shared","https://www.caranddriver.com/kia/carnival/specs","Cargo Space/Area Behind Front Row (cubic feet) 145.1; Behind Second Row 86.9; Behind Third Row 40.2"
"261",2026,"Kia","Carnival","LXS","ice","Minivan","front wheel drive","",40.2,145.1,86.9,"lookup_shared","https://www.caranddriver.com/kia/carnival/specs","Cargo Space/Area Behind Front Row (cubic feet) 145.1; Behind Second Row 86.9; Behind Third Row 40.2"
"264",2026,"Kia","Carnival","SX","ice","Minivan","front wheel drive","",40.2,145.1,86.9,"lookup_shared","https://www.caranddriver.com/kia/carnival/specs","Cargo Space/Area Behind Front Row (cubic feet) 145.1; Behind Second Row 86.9; Behind Third Row 40.2"
"263",2026,"Kia","Carnival","SX Prestige","ice","Minivan","front wheel drive","",40.2,145.1,86.9,"lookup_shared","https://www.caranddriver.com/kia/carnival/specs","Cargo Space/Area Behind Front Row (cubic feet) 145.1; Behind Second Row 86.9; Behind Third Row 40.2"
"275",2026,"Kia","Sorento","EX","hev","SUV","all wheel drive","",12.6,75.5,38.5,"lookup_shared","https://www.kiamedia.com/us/en/models/sorento-hev/2026/specifications","Cargo volume behind 3rd-row (cu. ft.) (SAE) 12.6; behind 2nd-row 38.5-45.0; behind 1st-row 75.5"
"276",2026,"Kia","Sorento","EX","hev","SUV","front wheel drive","",12.6,75.5,38.5,"lookup_shared","https://www.kiamedia.com/us/en/models/sorento-hev/2026/specifications","Cargo volume behind 3rd-row (cu. ft.) (SAE) 12.6; behind 2nd-row 38.5-45.0; behind 1st-row 75.5"
"274",2026,"Kia","Sorento","X-Line SX Prestige","hev","SUV","all wheel drive","",12.6,75.5,38.5,"lookup_shared","https://www.kiamedia.com/us/en/models/sorento-hev/2026/specifications","Cargo volume behind 3rd-row (cu. ft.) (SAE) 12.6; behind 2nd-row 38.5-45.0; behind 1st-row 75.5"
"275",2026,"Kia","Sorento","EX","ice","SUV","all wheel drive","",12.6,75.5,38.5,"lookup_shared","https://www.kiamedia.com/us/en/models/sorento/2026/specifications","Cargo volume behind 3rd-row (cu. ft.) (SAE) 12.6; behind 2nd-row 38.5-45.0; behind 1st-row 75.5"
"276",2026,"Kia","Sorento","EX","ice","SUV","front wheel drive","",12.6,75.5,38.5,"lookup_shared","https://www.kiamedia.com/us/en/models/sorento/2026/specifications","Cargo volume behind 3rd-row (cu. ft.) (SAE) 12.6; behind 2nd-row 38.5-45.0; behind 1st-row 75.5"
"274",2026,"Kia","Sorento","X-Line SX Prestige","ice","SUV","all wheel drive","",12.6,75.5,38.5,"lookup_shared","https://www.kiamedia.com/us/en/models/sorento/2026/specifications","Cargo volume behind 3rd-row (cu. ft.) (SAE) 12.6; behind 2nd-row 38.5-45.0; behind 1st-row 75.5"
"288",2026,"Kia","Sportage","EX","hev","SUV","all wheel drive","",39.5,73.7,,"lookup_shared","https://www.edmunds.com/kia/sportage-hybrid/2026/","With 39.5 cubic feet of cargo space behind the second row and 73.7 cubes with that row folded down"
"287",2026,"Kia","Sportage","LX","hev","SUV","front wheel drive","",39.5,73.7,,"lookup_shared","https://www.edmunds.com/kia/sportage-hybrid/2026/","With 39.5 cubic feet of cargo space behind the second row and 73.7 cubes with that row folded down"
"288",2026,"Kia","Sportage","EX","ice","SUV","all wheel drive","",39.6,74.1,,"lookup_shared","https://www.edmunds.com/kia/sportage/2026/features-specs/","Cargo capacity, all seats in place|39.6 cu.ft.|Maximum cargo capacity|74.1 cu.ft."
"287",2026,"Kia","Sportage","LX","ice","SUV","front wheel drive","",39.6,74.1,,"lookup_shared","https://www.edmunds.com/kia/sportage/2026/features-specs/","Cargo capacity, all seats in place|39.6 cu.ft.|Maximum cargo capacity|74.1 cu.ft."
"353",2026,"Lexus","NX","350h","hev","SUV","all wheel drive","",22.7,46.9,,"lookup_shared","https://www.edmunds.com/lexus/nx/2026/st-402084183/features-specs/","Cargo capacity, all seats in place|22.7 cu.ft.| Maximum cargo capacity|46.9 cu.ft."
"355",2026,"Lexus","NX","350h F SPORT Handling","hev","SUV","all wheel drive","",22.7,46.9,,"lookup_shared","https://www.edmunds.com/lexus/nx/2026/st-402084183/features-specs/","Cargo capacity, all seats in place|22.7 cu.ft.| Maximum cargo capacity|46.9 cu.ft."
"354",2026,"Lexus","NX","350h Luxury","hev","SUV","all wheel drive","",22.7,46.9,,"lookup_shared","https://www.edmunds.com/lexus/nx/2026/st-402084183/features-specs/","Cargo capacity, all seats in place|22.7 cu.ft.| Maximum cargo capacity|46.9 cu.ft."
"352",2026,"Lexus","NX","350h Premium","hev","SUV","all wheel drive","",22.7,46.9,,"lookup_shared","https://www.edmunds.com/lexus/nx/2026/st-402084183/features-specs/","Cargo capacity, all seats in place|22.7 cu.ft.| Maximum cargo capacity|46.9 cu.ft."
"353",2026,"Lexus","NX","350","ice","SUV","all wheel drive","",22.7,46.9,,"lookup_shared","https://driving.ca/car-comparisons/2026-lexus-nx-350-vs-2026-lexus-nx-450h/","2026 Lexus NX 350 is a 5-seat SUV that offers 643 L (22.7 ft³) of trunk space behind the rear seats and that opens up to 1328 L (46.9 ft³) with the rear seats folded down."
"355",2026,"Lexus","NX","350 F SPORT Handling","ice","SUV","all wheel drive","",22.7,46.9,,"lookup_shared","https://driving.ca/car-comparisons/2026-lexus-nx-350-vs-2026-lexus-nx-450h/","2026 Lexus NX 350 is a 5-seat SUV that offers 643 L (22.7 ft³) of trunk space behind the rear seats and that opens up to 1328 L (46.9 ft³) with the rear seats folded down."
"354",2026,"Lexus","NX","350 Luxury","ice","SUV","all wheel drive","",22.7,46.9,,"lookup_shared","https://driving.ca/car-comparisons/2026-lexus-nx-350-vs-2026-lexus-nx-450h/","2026 Lexus NX 350 is a 5-seat SUV that offers 643 L (22.7 ft³) of trunk space behind the rear seats and that opens up to 1328 L (46.9 ft³) with the rear seats folded down."
"352",2026,"Lexus","NX","350 Premium","ice","SUV","all wheel drive","",22.7,46.9,,"lookup_shared","https://driving.ca/car-comparisons/2026-lexus-nx-350-vs-2026-lexus-nx-450h/","2026 Lexus NX 350 is a 5-seat SUV that offers 643 L (22.7 ft³) of trunk space behind the rear seats and that opens up to 1328 L (46.9 ft³) with the rear seats folded down."
"388",2026,"Lexus","RX","350h","hev","SUV","all wheel drive","",29.6,46.2,,"lookup_shared","https://www.edmunds.com/lexus/rx/2026/trims/","Cargo Space 29.6 cu. ft. ... Cargo Space, Rear Seat Down or Removed 46.2 cu. ft."
"389",2026,"Lexus","RX","350h F SPORT Design","hev","SUV","all wheel drive","",29.6,46.2,,"lookup_shared","https://www.edmunds.com/lexus/rx/2026/trims/","Cargo Space 29.6 cu. ft. ... Cargo Space, Rear Seat Down or Removed 46.2 cu. ft."
"390",2026,"Lexus","RX","350h Luxury","hev","SUV","all wheel drive","",29.6,46.2,,"lookup_shared","https://www.edmunds.com/lexus/rx/2026/trims/","Cargo Space 29.6 cu. ft. ... Cargo Space, Rear Seat Down or Removed 46.2 cu. ft."
"391",2026,"Lexus","RX","350h Premium","hev","SUV","all wheel drive","",29.6,46.2,,"lookup_shared","https://www.edmunds.com/lexus/rx/2026/trims/","Cargo Space 29.6 cu. ft. ... Cargo Space, Rear Seat Down or Removed 46.2 cu. ft."
"392",2026,"Lexus","RX","350h Premium Plus","hev","SUV","all wheel drive","",29.6,46.2,,"lookup_shared","https://www.edmunds.com/lexus/rx/2026/trims/","Cargo Space 29.6 cu. ft. ... Cargo Space, Rear Seat Down or Removed 46.2 cu. ft."
"388",2026,"Lexus","RX","350","ice","SUV","all wheel drive","",29.6,46.2,,"lookup_shared","https://www.edmunds.com/lexus/rx/2026/st-402086225/features-specs/","Cargo capacity, all seats in place|29.6 cu.ft.| Maximum cargo capacity|46.2 cu.ft."
"389",2026,"Lexus","RX","350 F SPORT Design","ice","SUV","all wheel drive","",29.6,46.2,,"lookup_shared","https://www.edmunds.com/lexus/rx/2026/st-402086225/features-specs/","Cargo capacity, all seats in place|29.6 cu.ft.| Maximum cargo capacity|46.2 cu.ft."
"390",2026,"Lexus","RX","350 Luxury","ice","SUV","all wheel drive","",29.6,46.2,,"lookup_shared","https://www.edmunds.com/lexus/rx/2026/st-402086225/features-specs/","Cargo capacity, all seats in place|29.6 cu.ft.| Maximum cargo capacity|46.2 cu.ft."
"391",2026,"Lexus","RX","350 Premium","ice","SUV","all wheel drive","",29.6,46.2,,"lookup_exact","https://www.edmunds.com/lexus/rx/2026/st-402086225/features-specs/","Cargo capacity, all seats in place|29.6 cu.ft.| Maximum cargo capacity|46.2 cu.ft."
"392",2026,"Lexus","RX","350 Premium Plus","ice","SUV","all wheel drive","",29.6,46.2,,"lookup_shared","https://www.edmunds.com/lexus/rx/2026/st-402086225/features-specs/","Cargo capacity, all seats in place|29.6 cu.ft.| Maximum cargo capacity|46.2 cu.ft."
"417",2026,"Lincoln","Nautilus","Black Label","hev","SUV","all wheel drive","",35.2,68.8,,"lookup_exact","https://www.kbb.com/lincoln/nautilus/","The hybrid powertrain costs $3,000 more across all three Nautilus trims. | Starting MSRP [Hybrid Black Label] $80,660 | total combined horsepower of 285 | Combined output is 310 hp and 295 lb-ft [SlashGear review—conflicts with Lincoln.com 285]"
"418",2026,"Lincoln","Nautilus","Premiere","hev","SUV","all wheel drive","",36.4,71.3,,"lookup_exact","https://www.kbb.com/lincoln/nautilus/","The hybrid powertrain costs $3,000 more across all three Nautilus trims. | if you add the hybrid powertrain, that price goes up by $3,000 — the same increase it carries on all the trim levels. | Starting MSRP [Gas] $53,995 | Starting MSRP [Hybrid] $56,995 (+$3,000) | Starting MSRP [Hybrid Premiere] $56,995 | Available on all models, the 2.0L turbocharged hybrid engine can achieve a total combined"
"419",2026,"Lincoln","Nautilus","Reserve","hev","SUV","all wheel drive","",35.2,68.8,,"lookup_exact","https://www.kbb.com/lincoln/nautilus/","The hybrid powertrain costs $3,000 more across all three Nautilus trims. | Starting MSRP [Reserve Gas] $63,595 | Starting MSRP (Hybrid) $66,595 (+$3,000) | Starting MSRP [Hybrid Reserve] $66,595 | total combined horsepower of 285"
"417",2026,"Lincoln","Nautilus","Black Label","ice","SUV","all wheel drive","",35.2,68.8,,"lookup_exact","https://www.kbb.com/lincoln/nautilus/","The hybrid powertrain costs $3,000 more across all three Nautilus trims. | Starting MSRP [Hybrid Black Label] $80,660 | total combined horsepower of 285 | Combined output is 310 hp and 295 lb-ft [SlashGear review—conflicts with Lincoln.com 285]"
"418",2026,"Lincoln","Nautilus","Premiere","ice","SUV","all wheel drive","",36.4,71.3,,"lookup_exact","https://www.kbb.com/lincoln/nautilus/","The hybrid powertrain costs $3,000 more across all three Nautilus trims. | if you add the hybrid powertrain, that price goes up by $3,000 — the same increase it carries on all the trim levels. | Starting MSRP [Gas] $53,995 | Starting MSRP [Hybrid] $56,995 (+$3,000) | Starting MSRP [Hybrid Premiere] $56,995 | Available on all models, the 2.0L turbocharged hybrid engine can achieve a total combined"
"419",2026,"Lincoln","Nautilus","Reserve","ice","SUV","all wheel drive","",35.2,68.8,,"lookup_exact","https://www.kbb.com/lincoln/nautilus/","The hybrid powertrain costs $3,000 more across all three Nautilus trims. | Starting MSRP [Reserve Gas] $63,595 | Starting MSRP (Hybrid) $66,595 (+$3,000) | Starting MSRP [Hybrid Reserve] $66,595 | total combined horsepower of 285"
"423",2026,"Mazda","CX-50","Hybrid Preferred","hev","SUV","all wheel drive","",29.2,56.3,,"lookup_shared","https://www.mazdausa.com/vehicles/cx-50-hybrid","29.2 cu. ft. of cargo space when all seats are upright, or up to 56.3 cu. ft. when rear seats are folded"
"422",2026,"Mazda","CX-50","Hybrid Premium","hev","SUV","all wheel drive","",29.2,56.3,,"lookup_shared","https://www.mazdausa.com/vehicles/cx-50-hybrid","29.2 cu. ft. of cargo space when all seats are upright, or up to 56.3 cu. ft. when rear seats are folded"
"423",2026,"Mazda","CX-50","2.5 S Preferred","ice","SUV","all wheel drive","",31.4,56.3,,"lookup_shared","https://filecache.mediaroom.com/mr5mr_mazdausa2/226668/download/2026%20Mazda%20CX-50%20Spec%20Deck.pdf","Cargo Volume - EPA ... 31.4 /890 ... 29.2/826 ... Cargo Volume - SAE 2nd row seats folded (cubic ft) ... 56.3 ... 56.3"
"422",2026,"Mazda","CX-50","2.5 S Premium","ice","SUV","all wheel drive","",31.4,56.3,,"lookup_shared","https://filecache.mediaroom.com/mr5mr_mazdausa2/226668/download/2026%20Mazda%20CX-50%20Spec%20Deck.pdf","Cargo Volume - EPA ... 31.4 /890 ... 29.2/826 ... Cargo Volume - SAE 2nd row seats folded (cubic ft) ... 56.3 ... 56.3"
"453",2026,"Subaru","Forester","Touring Hybrid","hev","SUV","all wheel drive","",27.5,69.1,,"lookup_shared","https://www.subaru.com/services/vehicles/pdf/trimComparison/2026/FOR","Cargo volume ... 27.5 ... Maximum cargo volume ... 69.1 cubic"
"453",2026,"Subaru","Forester","Touring","ice","SUV","all wheel drive","",27.5,69.1,,"lookup_shared","https://www.subaru.com/services/vehicles/pdf/trimComparison/2026/FOR","Cargo volume ... 27.5 ... Maximum cargo volume ... 69.1 cubic"
"457",2026,"Toyota","4Runner","Limited","hev","SUV","four wheel drive","",42.6,82.6,,"lookup_shared","https://www.edmunds.com/toyota/4runner/2026/","The hybrid powertrain tucks its battery up behind the rear seats, so it has 42.6 cubic feet behind its second row."
"459",2026,"Toyota","4Runner","TRD Off-Road","hev","SUV","four wheel drive","",42.6,82.6,,"lookup_shared","https://www.toyotaofbourbonnais.com/research-aa-4runner/","i-FORCE MAX Cargo Volume Behind First/Second/Third Row|82.6 / 42.6 cu.-ft. / –"
"458",2026,"Toyota","4Runner","TRD Off-Road Premium","hev","SUV","four wheel drive","",42.6,82.6,,"lookup_shared","https://www.edmunds.com/toyota/4runner/2026/","The hybrid powertrain tucks its battery up behind the rear seats, so it has 42.6 cubic feet behind its second row."
"457",2026,"Toyota","4Runner","Limited","ice","SUV","four wheel drive","",48.4,90.2,,"lookup_shared","https://www.edmunds.com/toyota/4runner/2026/","Gas versions of the 4Runner offer a bit more cargo room with 48.4 cubic feet behind the rear seats"
"459",2026,"Toyota","4Runner","TRD Off-Road","ice","SUV","four wheel drive","",48.4,90.2,,"lookup_shared","https://www.edmunds.com/toyota/4runner/2026/st-402093611/features-specs/","Cargo capacity, all seats in place|48.4 cu.ft.|Maximum cargo capacity|90.2 cu.ft."
"458",2026,"Toyota","4Runner","TRD Off-Road Premium","ice","SUV","four wheel drive","",48.4,90.2,,"lookup_shared","https://www.edmunds.com/toyota/4runner/2026/st-402093611/features-specs/","Cargo capacity, all seats in place|48.4 cu.ft.|Maximum cargo capacity|90.2 cu.ft."
"538",2026,"Toyota","Corolla","LE","hev","Sedan","front wheel drive","",13.1,,,"lookup_shared","https://cars.usnews.com/cars-trucks/toyota/corolla-hybrid/2026/specs/corolla-hybrid-hybrid-le-fwd-(natl)-477134","Trunk Volume (cu. ft.)|13.1"
"539",2026,"Toyota","Corolla","SE","hev","Sedan","front wheel drive","",13.1,,,"lookup_shared","https://cars.usnews.com/cars-trucks/toyota/corolla-hybrid/2026/specs/corolla-hybrid-hybrid-le-fwd-(natl)-477134","Trunk Volume (cu. ft.)|13.1"
"538",2026,"Toyota","Corolla","LE","ice","Sedan","front wheel drive","",13.1,,,"lookup_shared","https://www.motortrend.com/cars/toyota/corolla/2026","13.1 cubic feet"
"539",2026,"Toyota","Corolla","SE","ice","Sedan","front wheel drive","",13.1,,,"lookup_shared","https://www.motortrend.com/cars/toyota/corolla/2026","13.1 cubic feet"
"550",2026,"Toyota","Corolla Cross","S","hev","SUV","all wheel drive","",21.5,61.8,,"lookup_shared","https://www.localauto.com/car-research/toyota/corolla-cross-hybrid/2026/specs","Cargo Volume 21.5|Cargo Volume All Rear Seats Down 61.8"
"551",2026,"Toyota","Corolla Cross","SE","hev","SUV","all wheel drive","",21.5,61.8,,"lookup_shared","https://www.localauto.com/car-research/toyota/corolla-cross-hybrid/2026/specs","Cargo Volume 21.5|Cargo Volume All Rear Seats Down 61.8"
"549",2026,"Toyota","Corolla Cross","XSE","hev","SUV","all wheel drive","",21.5,61.8,,"lookup_shared","https://www.carsdirect.com/toyota/corolla-cross-hybrid/2026","21.5 cubic feet of cargo behind the rear seats and 61.8 cubic feet with the rear seats folded"
"550",2026,"Toyota","Corolla Cross","L","ice","SUV","all wheel drive","",21.5,,,"lookup_shared","https://www.northhollywoodtoyota.com/2026-toyota-corolla-cross-price-seating-features","Cargo behind rear seats — AWD|21.5 cu. ft."
"551",2026,"Toyota","Corolla Cross","LE","ice","SUV","all wheel drive","",21.5,,,"lookup_shared","https://www.northhollywoodtoyota.com/2026-toyota-corolla-cross-price-seating-features","Cargo behind rear seats — AWD|21.5 cu. ft."
"549",2026,"Toyota","Corolla Cross","XLE","ice","SUV","all wheel drive","",21.5,,,"lookup_shared","https://www.northhollywoodtoyota.com/2026-toyota-corolla-cross-price-seating-features","Cargo behind rear seats — AWD|21.5 cu. ft."
"560",2026,"Toyota","Grand Highlander","LE","hev","SUV","all wheel drive","",20.6,97.5,57.9,"lookup_shared","https://www.toyota.com/grandhighlander/","20.6 cu. ft....57.9 cu. ft....97.5 cu. ft."
"562",2026,"Toyota","Grand Highlander","Limited","hev","SUV","all wheel drive","",20.6,97.5,57.9,"lookup_shared","https://www.toyota.com/grandhighlander/","20.6 cu. ft....57.9 cu. ft....97.5 cu. ft."
"561",2026,"Toyota","Grand Highlander","XLE","hev","SUV","all wheel drive","",20.6,97.5,57.9,"lookup_shared","https://www.edmunds.com/toyota/grand-highlander-hybrid/2026/st-402084658/features-specs/","Cargo capacity, all seats in place|20.6 cu.ft.|Maximum cargo capacity|97.5 cu.ft."
"559",2026,"Toyota","Grand Highlander","XLE","hev","SUV","front wheel drive","",20.6,97.5,57.9,"lookup_shared","https://www.toyota.com/grandhighlander/","20.6 cu. ft....57.9 cu. ft....97.5 cu. ft."
"560",2026,"Toyota","Grand Highlander","LE","ice","SUV","all wheel drive","",20.6,97.5,57.9,"lookup_shared","https://www.carweek.com/research/toyota/grand-highlander/2026/specs","Cargo Volume 20.6|Cargo Volume All Rear Seats Down 97.5|Cargo Volume Third Row Down Only 57.9"
"562",2026,"Toyota","Grand Highlander","Limited","ice","SUV","all wheel drive","",20.6,97.5,57.9,"lookup_shared","https://www.toyota.com/grandhighlander/","20.6 cu. ft. of cargo space with second- and third-row seats up...57.9 cu. ft....97.5 cu. ft."
"561",2026,"Toyota","Grand Highlander","XLE","ice","SUV","all wheel drive","",20.6,97.5,57.9,"lookup_shared","https://www.toyota.com/grandhighlander/","20.6 cu. ft. of cargo space with second- and third-row seats up...57.9 cu. ft....97.5 cu. ft."
"559",2026,"Toyota","Grand Highlander","XLE","ice","SUV","front wheel drive","",20.6,97.5,57.9,"lookup_shared","https://www.toyota.com/grandhighlander/","20.6 cu. ft. of cargo space with second- and third-row seats up...57.9 cu. ft....97.5 cu. ft."
"628",2026,"Toyota","Highlander","Limited","hev","SUV","all wheel drive","",16,84.3,48.4,"lookup_shared","https://www.headquartertoyota.com/2026-toyota-highlander-hybrid-hialeah-fl.html","84.3 Cubic Feet of Cargo Space Behind Front Row|48.4 Cubic Feet of Cargo Space Behind Second Row|16 Cubic Feet of Cargo Space Behind Third Row"
"627",2026,"Toyota","Highlander","Platinum","hev","SUV","all wheel drive","",16,84.3,48.4,"lookup_shared","https://www.edmunds.com/toyota/highlander-hybrid/2026/suv/features-specs/","Cargo Capacity|16.0 cu.ft."
"626",2026,"Toyota","Highlander","XLE","hev","SUV","all wheel drive","",16,84.3,48.4,"lookup_shared","https://www.carsdirect.com/toyota/highlander-hybrid/2026","cargo space stands at 16 cu ft with the rear seats in place, and 84.3 cu ft once they’re dropped"
"628",2026,"Toyota","Highlander","Limited","ice","SUV","all wheel drive","",16,84.3,48.4,"lookup_shared","https://www.toyotausvi.com/highlander/specifications","Cargo volume (cu. ft.) behind front/second-row/third-row seats|84.3/48.4/16.0"
"627",2026,"Toyota","Highlander","Platinum","ice","SUV","all wheel drive","",16,84.3,48.4,"lookup_shared","https://www.edmunds.com/toyota/highlander/2026/st-402088477/features-specs/","Cargo capacity, all seats in place|16.0 cu.ft.|Maximum cargo capacity|84.3 cu.ft."
"626",2026,"Toyota","Highlander","XLE","ice","SUV","all wheel drive","",16,84.3,48.4,"lookup_shared","https://www.edmunds.com/toyota/highlander/2026/features-specs/","Cargo capacity, all seats in place|16.0 cu.ft.|Maximum cargo capacity|84.3 cu.ft."
