"pair_id","year","make","model","trim_hyb","trim_ice","trim_key","trim_key_hyb","body_type_hyb","drive_type_hyb","drive_type_ice","truck_bed","package_hyb","package_ice","msrp_hyb","msrp_ice","option_price_hyb","option_price_ice","hp_hyb","hp_ice","mpg_combined_hyb","mpg_combined_ice","curb_weight_hyb","curb_weight_ice","cargo_seats_up_hyb","cargo_seats_up_ice","cargo_seats_folded_hyb","cargo_seats_folded_ice"
1,2013,"Acura","ILX","Hybrid","Technology Package","technology package","basic","Sedan","front wheel drive","front wheel drive",,"Technology Package","",34400,31400,0,0,111,150,38,28,2987,2970,9.8,12.3,,
2,2014,"Acura","ILX","Technology Package","Technology Package","technology package","technology package","Sedan","front wheel drive","front wheel drive",,"","",34600,31600,0,0,111,150,38,28,2987,2970,10,12.3,,
3,2017,"Acura","MDX","Sport Hybrid SH-AWD","SH-AWD","sh awd","sport sh awd","SUV","all wheel drive","all wheel drive",,"Technology Package","Technology Package",51960,50460,0,0,321,290,27,21,4471,4244,14.9,14.9,68.4,68.4
4,2017,"Acura","MDX","Sport Hybrid SH-AWD","SH-AWD","sh awd","sport sh awd","SUV","all wheel drive","all wheel drive",,"Advance Package","Advance Package",58000,56500,0,0,321,290,27,22,4484,4257,14.9,14.9,68.4,68.4
5,2018,"Acura","MDX","Sport Hybrid SH-AWD","SH-AWD","sh awd","sport sh awd","SUV","all wheel drive","all wheel drive",,"Advance Package","Advance Package",58150,56650,0,0,321,290,27,22,4484,4257,14.9,14.9,68.4,68.4
6,2018,"Acura","MDX","Sport Hybrid SH-AWD","SH-AWD","sh awd","sport sh awd","SUV","all wheel drive","all wheel drive",,"Technology Package","Technology Package",52100,50600,0,0,321,290,27,21,4471,4244,14.9,14.9,68.4,68.4
7,2019,"Acura","MDX","Sport Hybrid SH-AWD","SH-AWD","sh awd","sport sh awd","SUV","all wheel drive","all wheel drive",,"Technology Package","Technology Package",52800,51300,0,0,321,290,27,22,4471,4264,15,15,68.4,68.4
8,2019,"Acura","MDX","Sport Hybrid SH-AWD","SH-AWD","sh awd","sport sh awd","SUV","all wheel drive","all wheel drive",,"Advance Package","Advance Package",59550,58050,0,0,321,290,27,22,4486,4303,15,15,68.4,68.4
9,2020,"Acura","MDX","Sport Hybrid SH-AWD","SH-AWD","sh awd","sport sh awd","SUV","all wheel drive","all wheel drive",,"Technology Package","Technology Package",53000,51500,0,0,321,290,27,22,4471,4264,15,15,68.4,68.4
10,2020,"Acura","MDX","Sport Hybrid SH-AWD","SH-AWD","sh awd","sport sh awd","SUV","all wheel drive","all wheel drive",,"Advance Package","Advance Package",59750,58250,0,0,321,290,27,22,4486,4303,15,15,68.4,68.4
11,2013,"Audi","Q5","2.0T Prestige quattro","3.0T Prestige quattro","3 0t prestige quattro","2 0t prestige quattro","SUV","all wheel drive","all wheel drive",,"","",50900,51400,0,0,245,272,26,21,4431,4354,29.1,29.1,57.3,57.3
12,2014,"Audi","Q5","2.0T Prestige quattro","3.0T Prestige quattro","3 0t prestige quattro","2 0t prestige quattro","SUV","all wheel drive","all wheel drive",,"","",51300,51900,0,0,245,272,26,21,4431,4354,29.1,29.1,57.3,57.3
13,2015,"Audi","Q5","2.0T Prestige quattro","3.0T Prestige quattro","3 0t prestige quattro","2 0t prestige quattro","SUV","all wheel drive","all wheel drive",,"","",51900,52900,0,0,245,272,26,21,4431,4354,29.1,29.1,57.3,57.3
14,2016,"Audi","Q5","2.0T Prestige quattro","3.0T Prestige quattro","3 0t prestige quattro","2 0t prestige quattro","SUV","all wheel drive","all wheel drive",,"","",52500,53500,0,0,245,272,26,21,4431,4354,29.1,29.1,57.3,57.3
15,2013,"BMW","3 Series","ActiveHybrid 3","335i","335i","activehybrid 3","Sedan","rear wheel drive","rear wheel drive",,"","",49650,43150,0,0,335,300,28,23,3860,3545,10,13,,
16,2014,"BMW","3 Series","ActiveHybrid 3","335i","335i","activehybrid 3","Sedan","rear wheel drive","rear wheel drive",,"","",49900,43400,0,0,335,300,28,25,3825,3555,10,13,,
17,2015,"BMW","3 Series","ActiveHybrid 3","335i","335i","activehybrid 3","Sedan","rear wheel drive","rear wheel drive",,"","",50150,43750,0,0,335,300,28,25,3825,3595,10,13,,
18,2014,"BMW","5 Series","ActiveHybrid 5","535i","535i","activehybrid 5","Sedan","rear wheel drive","rear wheel drive",,"","",61400,55100,0,0,335,302,26,24,4365,4068,10,14,,
19,2015,"BMW","5 Series","ActiveHybrid 5","535i","535i","activehybrid 5","Sedan","rear wheel drive","rear wheel drive",,"","",61900,55600,0,0,335,302,26,24,4365,4090,10,14,,
20,2016,"BMW","5 Series","ActiveHybrid 5","535i","535i","activehybrid 5","Sedan","rear wheel drive","rear wheel drive",,"","",62100,55850,0,0,335,302,26,24,4288,3957,10,14,,
21,2013,"BMW","7 Series","740Li","740Li","740li","740li","Sedan","rear wheel drive","rear wheel drive",,"","",84300,77600,0,0,350,315,25,22,4680,4350,10,14,,
22,2014,"BMW","7 Series","740Li","740Li","740li","740li","Sedan","rear wheel drive","rear wheel drive",,"","",84300,78000,0,0,350,315,25,22,4680,4350,10,14,,
23,2015,"BMW","7 Series","740Li","740Li","740li","740li","Sedan","rear wheel drive","rear wheel drive",,"","",84300,78000,0,0,335,315,25,23,4680,4350,10,14,,
24,2012,"Cadillac","Escalade","Platinum Edition","Platinum Edition","platinum edition","platinum edition","SUV","rear wheel drive","rear wheel drive",,"","",83295,79945,0,0,332,403,21,16,5879,5488,16.9,16.9,108.9,108.9
25,2012,"Cadillac","Escalade","Platinum Edition","Platinum Edition","platinum edition","platinum edition","SUV","four wheel drive","all wheel drive",,"","",85845,82495,0,0,332,403,21,15,6120,5694,16.9,16.9,108.9,108.9
26,2013,"Cadillac","Escalade","Platinum Edition","Platinum Edition","platinum edition","platinum edition","SUV","rear wheel drive","rear wheel drive",,"","",83870,80520,0,0,332,403,21,16,5885,5527,16.9,16.9,108.9,108.9
27,2013,"Cadillac","Escalade","Platinum Edition","Platinum Edition","platinum edition","platinum edition","SUV","four wheel drive","all wheel drive",,"","",86420,83070,0,0,332,403,21,15,6142,5718,16.9,16.9,108.9,108.9
28,2017,"Chevrolet","Malibu","Hybrid","LT","lt","basic","Sedan","front wheel drive","front wheel drive",,"","",27875,25125,0,0,182,160,46,30,3457,3126,11.6,15.8,,
29,2018,"Chevrolet","Malibu","Hybrid","LT","lt","basic","Sedan","front wheel drive","front wheel drive",,"","",27875,25125,0,0,182,160,46,30,3366,3152,11.6,15.8,,
30,2019,"Chevrolet","Malibu","Hybrid","LT","lt","basic","Sedan","front wheel drive","front wheel drive",,"","",28220,26620,0,0,182,160,46,32,3366,3159,13,15.8,,
31,2020,"Ford","Escape","Titanium","Titanium","titanium","titanium","SUV","all wheel drive","all wheel drive",,"","",35050,36835,0,0,198,250,40,26,3668,3566,30.7,33.5,60.8,65.4
32,2021,"Ford","Escape","Titanium Hybrid","Titanium","titanium","titanium","SUV","all wheel drive","all wheel drive",,"","",34800,36155,0,0,165,250,40,26,3668,3566,30.7,33.5,60.8,65.4
33,2021,"Ford","Escape","SE Hybrid","SE","se","se","SUV","front wheel drive","front wheel drive",,"","",27605,26610,0,0,165,181,41,30,3491,3298,30.7,33.5,60.8,65.4
34,2021,"Ford","Escape","SE Hybrid","SE","se","se","SUV","all wheel drive","all wheel drive",,"","",29105,28110,0,0,165,181,40,28,3668,3474,30.7,33.5,60.8,65.4
35,2021,"Ford","Escape","SEL Hybrid","SEL","sel","sel","SUV","front wheel drive","front wheel drive",,"","",30200,29205,0,0,165,181,41,30,3534,3298,30.7,33.5,60.8,65.4
36,2021,"Ford","Escape","SEL Hybrid","SEL","sel","sel","SUV","all wheel drive","all wheel drive",,"","",31700,30705,0,0,165,181,40,28,3668,3474,30.7,33.5,60.8,65.4
37,2022,"Ford","Escape","Titanium Hybrid","Titanium","titanium","titanium","SUV","all wheel drive","all wheel drive",,"","",36595,37145,0,0,165,250,40,26,3668,3566,34.4,37.5,60.8,65.4
38,2022,"Ford","Escape","SE Hybrid","SE","se","se","SUV","front wheel drive","front wheel drive",,"","",30185,28360,0,0,165,181,41,30,3491,3298,34.4,37.5,60.8,65.4
39,2022,"Ford","Escape","SEL Hybrid","SEL","sel","sel","SUV","all wheel drive","all wheel drive",,"","",34055,32235,0,0,165,181,40,28,3668,3474,34.4,37.5,60.8,65.4
40,2022,"Ford","Escape","SE Hybrid","SE","se","se","SUV","all wheel drive","all wheel drive",,"","",31685,29860,0,0,165,181,40,28,3668,3474,34.4,37.5,60.8,65.4
41,2022,"Ford","Escape","SEL Hybrid","SEL","sel","sel","SUV","front wheel drive","front wheel drive",,"","",32550,30735,0,0,165,181,41,30,3534,3298,34.4,37.5,60.8,65.4
42,2023,"Ford","Escape","Platinum","Platinum","platinum","platinum","SUV","all wheel drive","all wheel drive",,"","",38465,37465,0,0,192,250,39,26,3668,3566,34.4,37.5,60.8,65.4
43,2023,"Ford","Escape","ST-Line","ST-Line","st line","st line","SUV","front wheel drive","front wheel drive",,"","",33340,30340,0,0,192,180,39,30,3534,3298,34.4,37.5,60.8,65.4
44,2023,"Ford","Escape","ST-Line Select","ST-Line Select","st line select","st line select","SUV","all wheel drive","all wheel drive",,"","",35040,34040,0,0,192,250,39,26,3668,3566,34.4,37.5,60.8,65.4
45,2023,"Ford","Escape","ST-Line Elite","ST-Line Elite","st line elite","st line elite","SUV","all wheel drive","all wheel drive",,"","",39460,38460,0,0,192,250,39,26,3668,3566,34.4,37.5,60.8,65.4
46,2024,"Ford","Escape","ST-Line Select","ST-Line Select","st line select","st line select","SUV","all wheel drive","all wheel drive",,"","",35040,34040,0,0,192,250,39,26,3686,3543,34.4,37.5,60.8,65.4
47,2024,"Ford","Escape","ST-Line Elite","ST-Line Elite","st line elite","st line elite","SUV","all wheel drive","all wheel drive",,"","",39460,38460,0,0,192,250,39,26,3686,3543,34.4,37.5,60.8,65.4
48,2024,"Ford","Escape","ST-Line","ST-Line","st line","st line","SUV","front wheel drive","front wheel drive",,"","",33340,30340,0,0,192,180,39,30,3519,3283,34.4,37.5,60.8,65.4
49,2024,"Ford","Escape","Platinum","Platinum","platinum","platinum","SUV","all wheel drive","all wheel drive",,"","",38465,37465,0,0,192,250,39,26,3686,3543,34.4,37.5,60.8,65.4
50,2025,"Ford","Escape","Platinum","Platinum","platinum","platinum","SUV","all wheel drive","all wheel drive",,"","",37115,35910,0,0,192,250,39,26,3684,3574,34.4,37.5,60.8,65.4
51,2025,"Ford","Escape","ST-Line","ST-Line","st line","st line","SUV","front wheel drive","front wheel drive",,"","",32490,30360,0,345,192,180,39,30,3529,3283,34.4,37.5,60.8,65.4
52,2025,"Ford","Escape","ST-Line Elite","ST-Line Elite","st line elite","st line elite","SUV","all wheel drive","all wheel drive",,"","",38110,36905,0,345,192,250,39,26,3684,3574,34.4,37.5,60.8,65.4
53,2025,"Ford","Escape","ST-Line Select","ST-Line Select","st line select","st line select","SUV","all wheel drive","all wheel drive",,"","",34190,33195,0,345,192,250,39,26,3670,3505,34.4,37.5,60.8,65.4
54,2026,"Ford","Escape","Platinum","Platinum","platinum","platinum","SUV","all wheel drive","all wheel drive",,"","",36215,37940,0,345,192,250,39,26,3670,3574,34.4,37.5,60.8,65.4
55,2026,"Ford","Escape","ST-Line Select","ST-Line Select","st line select","st line select","SUV","all wheel drive","all wheel drive",,"","",33890,35015,0,345,192,250,39,26,3670,3505,34.4,37.5,60.8,65.4
56,2026,"Ford","Escape","ST-Line Elite","ST-Line Elite","st line elite","st line elite","SUV","all wheel drive","all wheel drive",,"","",37210,38935,0,345,192,250,39,26,3684,3574,34.4,37.5,60.8,65.4
57,2020,"Ford","Explorer","Limited Hybrid","Limited","limited","limited","SUV","rear wheel drive","rear wheel drive",,"","",52530,48380,0,595,318,300,28,24,4969,4345,18.2,18.2,87.8,87.8
58,2020,"Ford","Explorer","Limited Hybrid","Limited","limited","limited","SUV","all wheel drive","all wheel drive",,"","",54725,50380,0,595,318,300,25,23,4969,4345,18.2,18.2,87.8,87.8
59,2021,"Ford","Explorer","Limited Hybrid","Limited","limited","limited","SUV","rear wheel drive","rear wheel drive",,"","",50105,45255,0,1590,318,300,27,24,4969,4345,18.2,18.2,87.8,87.8
60,2021,"Ford","Explorer","Limited Hybrid","Limited","limited","limited","SUV","all wheel drive","all wheel drive",,"","",52105,47255,0,1590,318,300,25,23,4969,4345,18.2,18.2,87.8,87.8
61,2021,"Ford","Explorer","Platinum Hybrid","Platinum","platinum","platinum","SUV","all wheel drive","all wheel drive",,"","",53335,54730,0,0,318,365,25,20,5076,4727,18.2,18.2,87.8,87.8
62,2022,"Ford","Explorer","Limited Hybrid","Limited","limited","limited","SUV","rear wheel drive","rear wheel drive",,"","",52060,47070,0,1295,318,300,27,24,4969,4345,18.2,18.2,87.8,87.8
63,2022,"Ford","Explorer","Limited Hybrid","Limited","limited","limited","SUV","all wheel drive","all wheel drive",,"","",54060,49070,0,1295,318,300,25,23,4969,4345,18.2,18.2,87.8,87.8
64,2022,"Ford","Explorer","Platinum Hybrid","Platinum","platinum","platinum","SUV","all wheel drive","all wheel drive",,"","",54375,55775,0,0,318,400,23,20,5076,4727,18.2,18.2,87.8,87.8
65,2022,"Ford","Explorer","Platinum Hybrid","Platinum","platinum","platinum","SUV","rear wheel drive","rear wheel drive",,"","",52375,53775,0,0,318,400,26,21,4969,4727,18.2,18.2,87.8,87.8
66,2023,"Ford","Explorer","Limited Hybrid","Limited","limited","limited","SUV","rear wheel drive","rear wheel drive",,"","",53005,47070,0,840,318,300,27,24,4969,4345,18.2,18.2,87.8,87.8
67,2023,"Ford","Explorer","Limited Hybrid","Limited","limited","limited","SUV","all wheel drive","all wheel drive",,"","",55005,49070,0,840,318,300,25,23,4969,4345,18.2,18.2,87.8,87.8
68,2023,"Ford","Explorer","Platinum Hybrid","Platinum","platinum","platinum","SUV","rear wheel drive","rear wheel drive",,"","",53820,54220,0,0,318,400,26,21,4969,4727,18.2,18.2,87.8,87.8
69,2023,"Ford","Explorer","Platinum Hybrid","Platinum","platinum","platinum","SUV","all wheel drive","all wheel drive",,"","",55820,56220,0,0,318,400,23,20,5076,4727,18.2,18.2,87.8,87.8
70,2021,"Ford","F-150","King Ranch","King Ranch","king ranch","king ranch","Truck (SuperCrew)","four wheel drive","four wheel drive",5.5,"","",62255,60355,0,0,430,400,23,19,,4912,,,,
71,2021,"Ford","F-150","Lariat","Lariat","lariat","lariat","Truck (SuperCrew)","four wheel drive","four wheel drive",5.5,"","",54280,52380,0,0,430,400,23,20,,4948,,,,
72,2021,"Ford","F-150","Limited","Limited","limited","limited","Truck (SuperCrew)","four wheel drive","four wheel drive",5.5,"","",76750,74250,0,0,430,400,23,19,,,,,,
73,2021,"Ford","F-150","Platinum","Platinum","platinum","platinum","Truck (SuperCrew)","four wheel drive","four wheel drive",5.5,"","",65035,63135,0,0,430,400,23,19,,4912,,,,
74,2021,"Ford","F-150","XL","XL","xl","xl","Truck (SuperCrew)","four wheel drive","four wheel drive",5.5,"","",44655,42755,0,0,430,400,23,20,,,,,,
75,2021,"Ford","F-150","XLT","XLT","xlt","xlt","Truck (SuperCrew)","four wheel drive","four wheel drive",5.5,"","",48300,46400,0,0,430,400,23,20,,4948,,,,
76,2022,"Ford","F-150","King Ranch","King Ranch","king ranch","king ranch","Truck (SuperCrew)","four wheel drive","four wheel drive",5.5,"","",65585,63825,0,0,430,400,23,19,,,,,,
77,2022,"Ford","F-150","Lariat","Lariat","lariat","lariat","Truck (SuperCrew)","four wheel drive","four wheel drive",5.5,"","",58025,56265,0,0,430,400,23,20,,,,,,
78,2022,"Ford","F-150","Platinum","Platinum","platinum","platinum","Truck (SuperCrew)","four wheel drive","four wheel drive",5.5,"","",68365,66605,0,0,430,400,23,19,,,,,,
79,2022,"Ford","F-150","XL","XL","xl","xl","Truck (SuperCrew)","four wheel drive","four wheel drive",5.5,"","",46920,45160,0,0,430,400,23,20,,,,,,
80,2022,"Ford","F-150","XLT","XLT","xlt","xlt","Truck (SuperCrew)","four wheel drive","four wheel drive",5.5,"","",52090,50330,0,0,430,400,23,20,,,,,,
81,2023,"Ford","F-150","King Ranch","King Ranch","king ranch","king ranch","Truck (SuperCrew)","four wheel drive","four wheel drive",5.5,"","",68305,66545,0,0,430,400,23,19,,4912,,,,
82,2023,"Ford","F-150","Lariat","Lariat","lariat","lariat","Truck (SuperCrew)","four wheel drive","four wheel drive",5.5,"","",63570,61810,0,0,430,400,23,20,,4838,,,,
83,2023,"Ford","F-150","Platinum","Platinum","platinum","platinum","Truck (SuperCrew)","four wheel drive","four wheel drive",5.5,"","",69990,68230,0,0,430,400,23,19,,4912,,,,
84,2023,"Ford","F-150","XL","XL","xl","xl","Truck (SuperCrew)","four wheel drive","four wheel drive",5.5,"","",49405,47645,0,0,430,400,23,20,,4705,,,,
85,2023,"Ford","F-150","XLT","XLT","xlt","xlt","Truck (SuperCrew)","four wheel drive","four wheel drive",5.5,"","",53715,51955,0,0,430,400,23,20,,4705,,,,
86,2024,"Ford","F-150","XLT","XLT","xlt","xlt","Truck (SuperCrew)","four wheel drive","four wheel drive",5.5,"","",55500,55500,0,0,430,400,23,19,,,,,,
87,2025,"Ford","F-150","King Ranch","King Ranch","king ranch","king ranch","Truck (SuperCrew)","four wheel drive","four wheel drive",5.5,"","",74705,74705,0,0,430,400,23,19,5585,5096,,,,
88,2025,"Ford","F-150","Lariat","Lariat","lariat","lariat","Truck (SuperCrew)","four wheel drive","four wheel drive",5.5,"","",63160,63160,0,0,430,400,23,19,5585,5020,,,,
89,2025,"Ford","F-150","Platinum","Platinum","platinum","platinum","Truck (SuperCrew)","four wheel drive","four wheel drive",5.5,"","",74705,74705,0,0,430,400,23,19,5585,5096,,,,
90,2025,"Ford","F-150","XLT","XLT","xlt","xlt","Truck (SuperCrew)","four wheel drive","four wheel drive",5.5,"","",53375,53375,0,0,430,400,23,19,5585,4941,,,,
91,2026,"Ford","F-150","King Ranch","King Ranch","king ranch","king ranch","Truck (SuperCrew)","four wheel drive","four wheel drive",5.5,"","",70965,69625,0,0,420,400,23,19,5585,5096,,,,
92,2026,"Ford","F-150","Lariat","Lariat","lariat","lariat","Truck (SuperCrew)","four wheel drive","four wheel drive",5.5,"","",64700,63360,0,0,420,400,23,19,5585,5096,,,,
93,2026,"Ford","F-150","Platinum","Platinum","platinum","platinum","Truck (SuperCrew)","four wheel drive","four wheel drive",5.5,"","",73940,72600,0,0,420,400,23,19,5585,5096,,,,
94,2026,"Ford","F-150","XLT","XLT","xlt","xlt","Truck (SuperCrew)","four wheel drive","four wheel drive",5.5,"","",55475,54135,0,0,420,400,23,19,5585,4941,,,,
95,2013,"Ford","Fusion","SE","SE","se","se","Sedan","front wheel drive","front wheel drive",,"","",27200,23830,0,0,188,175,42,26,3615,3615,12,16,,
96,2013,"Ford","Fusion","Titanium","Titanium","titanium","titanium","Sedan","front wheel drive","front wheel drive",,"","EcoBoost",32100,30200,0,0,188,231,42,26,3615,3526,12,16,,
97,2014,"Ford","Fusion","SE","SE","se","se","Sedan","front wheel drive","front wheel drive",,"","",27280,23935,0,0,188,175,42,26,3615,3431,12,16,,
98,2014,"Ford","Fusion","Titanium","Titanium","titanium","titanium","Sedan","front wheel drive","front wheel drive",,"","EcoBoost",32600,30600,0,0,188,231,42,26,3615,3526,12,16,,
99,2014,"Ford","Fusion","S","S","s","s","Sedan","front wheel drive","front wheel drive",,"","",26270,21970,0,0,188,175,42,26,3615,3431,12,16,,
100,2015,"Ford","Fusion","S","S","s","s","Sedan","front wheel drive","front wheel drive",,"","",26575,22500,0,0,188,175,42,26,3615,3461,12,16,,
101,2015,"Ford","Fusion","SE","SE","se","se","Sedan","front wheel drive","front wheel drive",,"","",27380,24035,0,0,188,175,42,26,3615,3461,12,16,,
102,2015,"Ford","Fusion","Titanium","Titanium","titanium","titanium","Sedan","front wheel drive","front wheel drive",,"","EcoBoost",32330,30780,0,0,188,231,42,26,3615,3322,12,16,,
103,2016,"Ford","Fusion","S","S","s","s","Sedan","front wheel drive","front wheel drive",,"","",25675,22750,0,0,188,175,42,26,3615,3431,12,16,,
104,2016,"Ford","Fusion","SE","SE","se","se","Sedan","front wheel drive","front wheel drive",,"","",26480,24320,0,0,188,175,42,26,3615,3431,12,16,,
105,2016,"Ford","Fusion","Titanium","Titanium","titanium","titanium","Sedan","front wheel drive","front wheel drive",,"","EcoBoost",31430,31270,0,0,188,231,42,26,3615,3526,12,16,,
106,2017,"Ford","Fusion","Titanium","Titanium","titanium","titanium","Sedan","front wheel drive","front wheel drive",,"","",31010,30740,0,0,188,245,42,25,3668,3526,12,16,,
107,2017,"Ford","Fusion","SE","SE","se","se","Sedan","front wheel drive","front wheel drive",,"","",26480,23740,0,0,188,175,42,25,3668,3472,12,16,,
108,2017,"Ford","Fusion","S","S","s","s","Sedan","front wheel drive","front wheel drive",,"","",25675,22610,0,0,188,175,42,25,3668,3472,12,16,,
109,2017,"Ford","Fusion","Platinum","Platinum","platinum","platinum","Sedan","front wheel drive","front wheel drive",,"","",37020,36750,0,0,188,245,42,25,3668,3526,12,16,,
110,2018,"Ford","Fusion","S","S","s","s","Sedan","front wheel drive","front wheel drive",,"","",25390,22215,0,0,188,173,42,25,3668,3472,12,16,,
111,2018,"Ford","Fusion","SE","SE","se","se","Sedan","front wheel drive","front wheel drive",,"","",26340,23490,0,0,188,173,42,25,3668,3472,12,16,,
112,2018,"Ford","Fusion","Titanium","Titanium","titanium","titanium","Sedan","front wheel drive","front wheel drive",,"","",30870,30490,0,0,188,245,42,25,3668,3526,12,16,,
113,2018,"Ford","Fusion","Platinum","Platinum","platinum","platinum","Sedan","front wheel drive","front wheel drive",,"","",37370,36990,0,0,188,245,42,25,3668,3526,12,16,,
114,2019,"Ford","Fusion","SEL","SEL","sel","sel","Sedan","front wheel drive","front wheel drive",,"","",31520,28580,0,655,188,181,42,27,3668,3470,,,,
115,2019,"Ford","Fusion","Titanium","Titanium","titanium","titanium","Sedan","front wheel drive","front wheel drive",,"","",34485,34340,0,0,188,245,42,25,3668,3676,12,16,,
116,2019,"Ford","Fusion","SE","SE","se","se","Sedan","front wheel drive","front wheel drive",,"","",27555,24120,0,655,188,181,42,27,3668,3470,,,,
117,2020,"Ford","Fusion","SE","SE","se","se","Sedan","front wheel drive","front wheel drive",,"","",28000,24500,0,655,188,181,42,27,3668,3470,,,,
118,2020,"Ford","Fusion","SEL","SEL","sel","sel","Sedan","front wheel drive","front wheel drive",,"","",31630,28690,0,655,188,181,42,27,3668,3470,,,,
119,2020,"Ford","Fusion","Titanium","Titanium","titanium","titanium","Sedan","front wheel drive","front wheel drive",,"","",34595,34450,0,0,188,245,42,25,3668,3676,12,16,,
120,2022,"Ford","Maverick","XL","XL","xl","xl","Truck (SuperCrew)","front wheel drive","front wheel drive",,"","",20995,22080,0,0,191,250,37,26,3674,3563,,,,
121,2022,"Ford","Maverick","XLT","XLT","xlt","xlt","Truck (SuperCrew)","front wheel drive","front wheel drive",,"","",23360,24445,0,0,191,250,37,26,3674,3563,,,,
122,2022,"Ford","Maverick","Lariat","Lariat","lariat","lariat","Truck (SuperCrew)","front wheel drive","front wheel drive",,"","",26860,27945,0,0,191,250,37,26,3674,3563,,,,
123,2023,"Ford","Maverick","XL","XL","xl","xl","Truck (SuperCrew)","front wheel drive","front wheel drive",,"","",22595,22595,0,0,191,250,37,26,3674,3563,,,,
124,2023,"Ford","Maverick","XLT","XLT","xlt","xlt","Truck (SuperCrew)","front wheel drive","front wheel drive",,"","",24855,24855,0,0,191,250,37,26,3674,3563,,,,
125,2023,"Ford","Maverick","Lariat","Lariat","lariat","lariat","Truck (SuperCrew)","front wheel drive","front wheel drive",,"","",28355,28355,0,0,191,250,37,26,3674,3563,,,,
126,2024,"Ford","Maverick","XL","XL","xl","xl","Truck (SuperCrew)","front wheel drive","front wheel drive",,"","",25420,23920,0,0,191,250,37,26,3674,3563,,,,
127,2024,"Ford","Maverick","XLT","XLT","xlt","xlt","Truck (SuperCrew)","front wheel drive","front wheel drive",,"","",27920,26420,0,0,191,250,37,26,3674,3563,,,,
128,2025,"Ford","Maverick","Lariat","Lariat","lariat","lariat","Truck (SuperCrew)","all wheel drive","all wheel drive",,"","",36735,35535,0,0,191,250,37,25,,3731,,,,
129,2025,"Ford","Maverick","XL","XL","xl","xl","Truck (SuperCrew)","all wheel drive","all wheel drive",,"","",28515,27315,0,0,191,250,37,25,,3731,,,,
130,2025,"Ford","Maverick","XLT","XLT","xlt","xlt","Truck (SuperCrew)","all wheel drive","all wheel drive",,"","",31015,29815,0,0,191,250,37,25,,3731,,,,
131,2026,"Ford","Maverick","XL","XL","xl","xl","Truck (SuperCrew)","front wheel drive","front wheel drive",,"","",28145,27145,0,0,191,250,38,26,3674,3563,,,,
132,2026,"Ford","Maverick","XLT","XLT","xlt","xlt","Truck (SuperCrew)","front wheel drive","front wheel drive",,"","",30645,29645,0,0,191,250,38,26,3674,3563,,,,
133,2026,"Ford","Maverick","Lariat","Lariat","lariat","lariat","Truck (SuperCrew)","all wheel drive","all wheel drive",,"","",38090,35870,0,0,191,250,36,25,,3731,,,,
134,2026,"Ford","Maverick","XL","XL","xl","xl","Truck (SuperCrew)","all wheel drive","all wheel drive",,"","",30365,28145,0,0,191,250,37,25,,3731,,,,
135,2026,"Ford","Maverick","XLT","XLT","xlt","xlt","Truck (SuperCrew)","all wheel drive","all wheel drive",,"","",32865,30645,0,0,191,250,37,25,,3731,,,,
136,2012,"GMC","Yukon","Denali","Denali","denali","denali","SUV","rear wheel drive","rear wheel drive",,"","",60285,55010,0,0,332,403,21,16,5877,5505,16.9,16.9,108.9,108.9
137,2012,"GMC","Yukon","Denali","Denali","denali","denali","SUV","four wheel drive","all wheel drive",,"","",63130,58005,0,0,332,403,21,15,6110,5688,16.9,16.9,108.9,108.9
138,2013,"GMC","Yukon","Denali","Denali","denali","denali","SUV","rear wheel drive","rear wheel drive",,"","",61960,56685,0,0,332,403,21,16,5889,5491,16.9,16.9,108.9,108.9
139,2013,"GMC","Yukon","Denali","Denali","denali","denali","SUV","four wheel drive","all wheel drive",,"","",64805,59680,0,0,332,403,21,15,6103,5685,16.9,16.9,108.9,108.9
140,2014,"Honda","Accord","EX-L","EX-L","ex l","ex l","Sedan","front wheel drive","front wheel drive",,"","",31905,28270,0,0,195,185,47,30,3595,3358,12.3,15.5,,
141,2014,"Honda","Accord","Touring","Touring V-6","touring v 6","touring","Sedan","front wheel drive","front wheel drive",,"","",34905,33480,0,0,195,278,47,25,3602,3559,12.3,15.5,,
142,2015,"Honda","Accord","EX-L","EX-L","ex l","ex l","Sedan","front wheel drive","front wheel drive",,"","",32055,28420,0,0,196,185,47,31,3595,3358,12.3,15.5,,
143,2015,"Honda","Accord","Touring","Touring V-6","touring v 6","touring","Sedan","front wheel drive","front wheel drive",,"","",35055,33630,0,0,196,278,47,26,3602,3559,12.3,15.5,,
144,2017,"Honda","Accord","Touring","Touring V-6","touring v 6","touring","Sedan","front wheel drive","front wheel drive",,"","",35955,34830,0,0,212,278,48,25,3536,3605,13.7,15.5,,
145,2018,"Honda","Accord","EX","EX","ex","ex","Sedan","front wheel drive","front wheel drive",,"","",28890,27470,0,0,212,192,47,33,3377,3199,16.7,16.7,,
146,2018,"Honda","Accord","EX-L","EX-L","ex l","ex l","Sedan","front wheel drive","front wheel drive",,"","",31440,29970,0,0,212,192,47,33,3400,3217,16.7,16.7,,
147,2018,"Honda","Accord","Base","LX","lx","base","Sedan","front wheel drive","front wheel drive",,"","",25100,23570,0,0,212,192,47,33,3342,3131,16.7,16.7,,
148,2018,"Honda","Accord","Touring","Touring","touring","touring","Sedan","front wheel drive","front wheel drive",,"","",34710,33800,0,0,212,192,47,31,3428,3294,16.7,16.7,,
149,2018,"Honda","Accord","EX-L","EX-L","ex l","ex l","Sedan","front wheel drive","front wheel drive",,"Navi","Navi",32440,30970,0,0,212,192,47,33,3400,3217,16.7,16.7,,
150,2019,"Honda","Accord","EX","EX","ex","ex","Sedan","front wheel drive","front wheel drive",,"","",29220,27620,0,0,212,192,48,33,3377,3199,16.7,16.7,,
151,2019,"Honda","Accord","Touring","Touring","touring","touring","Sedan","front wheel drive","front wheel drive",,"","",34990,35950,0,0,212,252,48,26,3428,3428,16.7,16.7,,
152,2019,"Honda","Accord","Base","LX","lx","base","Sedan","front wheel drive","front wheel drive",,"","",25320,23720,0,0,212,192,48,33,3342,3131,16.7,16.7,,
153,2019,"Honda","Accord","EX-L","EX-L","ex l","ex l","Sedan","front wheel drive","front wheel drive",,"","",31720,30120,0,0,212,192,48,33,3400,3217,16.7,16.7,,
154,2020,"Honda","Accord","EX","EX","ex","ex","Sedan","front wheel drive","front wheel drive",,"","",29370,27770,0,0,212,192,48,33,3377,3199,16.7,16.7,,
155,2020,"Honda","Accord","Touring","Touring","touring","touring","Sedan","front wheel drive","front wheel drive",,"","",35140,36100,0,0,212,252,48,26,3428,3428,16.7,16.7,,
156,2020,"Honda","Accord","Base","LX","lx","base","Sedan","front wheel drive","front wheel drive",,"","",25470,23870,0,0,212,192,48,33,3342,3131,16.7,16.7,,
157,2020,"Honda","Accord","EX-L","EX-L","ex l","ex l","Sedan","front wheel drive","front wheel drive",,"","",31870,30270,0,0,212,192,48,33,3400,3217,16.7,16.7,,
158,2021,"Honda","Accord","Base","LX","lx","base","Sedan","front wheel drive","front wheel drive",,"","",26370,24770,0,0,212,192,48,33,3327,3131,16.7,16.7,,
159,2021,"Honda","Accord","Touring","Touring","touring","touring","Sedan","front wheel drive","front wheel drive",,"","",36240,36700,0,0,212,252,43,26,3415,3428,16.7,16.7,,
160,2021,"Honda","Accord","EX-L","EX-L","ex l","ex l","Sedan","front wheel drive","front wheel drive",,"","",32690,31090,0,0,212,192,48,33,3386,3217,16.7,16.7,,
161,2022,"Honda","Accord","Base","LX","lx","base","Sedan","front wheel drive","front wheel drive",,"","",27720,26520,0,0,212,192,47,33,3326,3150,16.7,16.7,,
162,2022,"Honda","Accord","EX-L","EX-L","ex l","ex l","Sedan","front wheel drive","front wheel drive",,"","",34040,32840,0,0,212,192,47,33,3388,3221,16.7,16.7,,
163,2022,"Honda","Accord","Touring","Touring","touring","touring","Sedan","front wheel drive","front wheel drive",,"","",37590,38450,0,0,212,252,43,26,3446,3430,16.7,16.7,,
164,2022,"Honda","Accord","Sport","Sport","sport","sport","Sedan","front wheel drive","front wheel drive",,"","",31070,28980,0,0,212,192,43,32,3375,3223,16.7,16.7,,
165,2020,"Honda","CR-V","LX","LX","lx","lx","SUV","all wheel drive","all wheel drive",,"","",27850,26550,0,0,212,190,38,29,3649,3455,33.2,39.2,68.7,75.8
166,2020,"Honda","CR-V","EX-L","EX-L","ex l","ex l","SUV","all wheel drive","all wheel drive",,"","",32850,31550,0,0,212,190,38,29,3649,3536,33.2,39.2,68.7,75.8
167,2020,"Honda","CR-V","EX","EX","ex","ex","SUV","all wheel drive","all wheel drive",,"","",30360,29060,0,0,212,190,38,29,3649,3521,33.2,39.2,68.7,75.8
168,2020,"Honda","CR-V","Touring","Touring","touring","touring","SUV","all wheel drive","all wheel drive",,"","",36050,34750,0,0,212,190,38,29,3649,3576,33.2,37.6,68.7,75.8
169,2021,"Honda","CR-V","Touring","Touring","touring","touring","SUV","all wheel drive","all wheel drive",,"","",36350,35150,0,0,212,190,38,29,3649,3569,33.2,37.6,68.7,75.8
170,2021,"Honda","CR-V","EX","EX","ex","ex","SUV","all wheel drive","all wheel drive",,"","",30560,29360,0,0,212,190,38,29,3649,3514,33.2,39.2,68.7,75.8
171,2021,"Honda","CR-V","EX-L","EX-L","ex l","ex l","SUV","all wheel drive","all wheel drive",,"","",33150,31950,0,0,212,190,38,29,3649,3529,33.2,39.2,68.7,75.8
172,2022,"Honda","CR-V","Touring","Touring","touring","touring","SUV","all wheel drive","all wheel drive",,"","",37800,36600,0,0,212,190,38,29,3763,3569,33.2,37.6,68.7,75.8
173,2022,"Honda","CR-V","EX","EX","ex","ex","SUV","all wheel drive","all wheel drive",,"","",32010,30810,0,0,212,190,38,29,3708,3514,33.2,39.2,68.7,75.8
174,2022,"Honda","CR-V","EX-L","EX-L","ex l","ex l","SUV","all wheel drive","all wheel drive",,"","",34600,33400,0,0,212,190,38,29,3723,3529,33.2,39.2,68.7,75.8
175,2024,"Honda","CR-V","Sport Hybrid","EX","ex","sport","SUV","front wheel drive","front wheel drive",,"","",34050,32010,0,0,204,190,40,30,3752,3497,36.3,39.3,76.5,76.5
176,2024,"Honda","CR-V","Sport Hybrid","EX","ex","sport","SUV","all wheel drive","all wheel drive",,"","",35550,33510,0,0,204,190,37,29,3869,3616,36.3,39.3,76.5,76.5
177,2024,"Honda","CR-V","Sport-L Hybrid","EX-L","ex l","sport l","SUV","front wheel drive","front wheel drive",,"","",37050,34660,0,0,204,190,40,30,3777,3525,36.3,39.3,76.5,76.5
178,2024,"Honda","CR-V","Sport-L Hybrid","EX-L","ex l","sport l","SUV","all wheel drive","all wheel drive",,"","",38550,36160,0,0,204,190,37,29,3893,3635,36.3,39.3,76.5,76.5
179,2025,"Honda","CR-V","Sport-L Hybrid","EX-L","ex l","sport l","SUV","front wheel drive","front wheel drive",,"","",37650,35000,0,0,204,190,40,30,3777,3525,36.3,39.3,76.5,76.5
180,2025,"Honda","CR-V","Sport-L Hybrid","EX-L","ex l","sport l","SUV","all wheel drive","all wheel drive",,"","",39150,36500,0,0,204,190,37,28,3893,3635,36.3,39.3,76.5,76.5
181,2025,"Honda","CR-V","Sport Hybrid","EX","ex","sport","SUV","all wheel drive","all wheel drive",,"","",36150,33850,0,0,204,190,37,28,3869,3616,36.3,39.3,76.5,76.5
182,2025,"Honda","CR-V","Sport Hybrid","EX","ex","sport","SUV","front wheel drive","front wheel drive",,"","",34650,32350,0,0,204,190,40,30,3752,3497,36.3,39.3,76.5,76.5
183,2026,"Honda","CR-V","Sport-L Hybrid","EX-L","ex l","sport l","SUV","front wheel drive","front wheel drive",,"","",38725,35400,0,0,204,190,40,30,3777,3525,36.3,39.3,71.8,76.5
184,2026,"Honda","CR-V","Sport Hybrid","EX","ex","sport","SUV","front wheel drive","front wheel drive",,"","",35630,33150,0,0,204,190,40,30,3752,3497,36.3,39.3,71.8,76.5
185,2026,"Honda","CR-V","Sport-L Hybrid","EX-L","ex l","sport l","SUV","all wheel drive","all wheel drive",,"","",40225,36900,0,0,204,190,37,29,3893,3635,36.3,39.3,71.8,76.5
186,2026,"Honda","CR-V","Sport Hybrid","EX","ex","sport","SUV","all wheel drive","all wheel drive",,"","",37130,34650,0,0,204,190,37,29,3869,3616,36.3,39.3,71.8,76.5
187,2019,"Honda","Civic","LX","LX","lx","lx","Sedan","front wheel drive","front wheel drive",,"","",22930,20350,0,0,151,158,52,33,2987,2771,15.1,15.1,,
188,2019,"Honda","Civic","Touring","Touring","touring","touring","Sedan","front wheel drive","front wheel drive",,"","",28190,27400,0,0,151,174,48,33,3078,2963,14.7,14.7,,
189,2020,"Honda","Civic","Touring","Touring","touring","touring","Sedan","front wheel drive","front wheel drive",,"","",28340,27600,0,0,151,174,48,33,3078,2963,14.7,14.7,,
190,2020,"Honda","Civic","LX","LX","lx","lx","Sedan","front wheel drive","front wheel drive",,"","",22930,20550,0,0,151,158,52,33,2987,2771,15.1,15.1,,
191,2021,"Honda","Civic","LX","LX","lx","lx","Sedan","front wheel drive","front wheel drive",,"","",22930,21050,0,0,151,158,52,33,2987,2771,15.1,15.1,,
192,2021,"Honda","Civic","Touring","Touring","touring","touring","Sedan","front wheel drive","front wheel drive",,"","",28840,28100,0,0,151,174,48,33,3078,2963,14.7,14.7,,
193,2021,"Hyundai","Elantra","Limited","Limited","limited","limited","Sedan","front wheel drive","front wheel drive",,"","",28100,25450,0,0,139,147,50,35,3069,2725,14.2,14.2,,
194,2022,"Hyundai","Elantra","Limited","Limited","limited","limited","Sedan","front wheel drive","front wheel drive",,"","",28600,25950,0,0,139,147,50,35,3069,2725,14.2,14.2,,
195,2023,"Hyundai","Elantra","Limited","Limited","limited","limited","Sedan","front wheel drive","front wheel drive",,"","",29150,26800,0,0,139,147,50,34,3069,2725,14.2,14.2,,
196,2025,"Hyundai","Elantra","Limited","Limited","limited","limited","Sedan","front wheel drive","front wheel drive",,"","",29800,26775,0,0,139,147,50,34,3069,2868,14.2,14.2,,
197,2026,"Hyundai","Elantra","Limited","Limited","limited","limited","Sedan","front wheel drive","front wheel drive",,"","",29800,27175,0,0,139,147,50,34,3069,2868,14.2,14.2,,
198,2026,"Hyundai","Palisade","Hybrid Calligraphy","Calligraphy","calligraphy","calligraphy","SUV","front wheel drive","front wheel drive",,"","",56780,54560,0,0,329,287,31,21,4795,4872,19.1,19.1,86.7,86.7
199,2026,"Hyundai","Palisade","Hybrid SEL","SEL","sel","sel","SUV","all wheel drive","all wheel drive",,"7 Passenger Seating","7 Passenger Seating",46160,43940,0,0,329,287,29,20,4795,4872,19.1,19.1,86.7,86.7
200,2026,"Hyundai","Palisade","Hybrid Limited","Limited","limited","limited","SUV","front wheel drive","front wheel drive",,"","",51990,49770,0,0,329,287,31,21,4795,4461,19.1,19.1,86.7,86.7
201,2026,"Hyundai","Palisade","Hybrid Limited","Limited","limited","limited","SUV","all wheel drive","all wheel drive",,"","",53990,51770,0,0,329,287,29,20,4938,4795,19.1,19.1,86.7,86.7
202,2026,"Hyundai","Palisade","Hybrid SEL Premium","SEL Premium","sel premium","sel premium","SUV","all wheel drive","all wheel drive",,"7 Passenger Seating","7 Passenger Seating",49520,47300,0,0,329,287,29,20,4795,4493,19.1,19.1,86.7,86.7
203,2026,"Hyundai","Palisade","Hybrid Calligraphy","Calligraphy","calligraphy","calligraphy","SUV","all wheel drive","all wheel drive",,"","",58780,56560,0,0,329,287,29,20,4938,4872,19.1,19.1,86.7,86.7
204,2026,"Hyundai","Palisade","Hybrid SEL Premium","SEL Premium","sel premium","sel premium","SUV","all wheel drive","all wheel drive",,"8 Passenger Seating","8 Passenger Seating",49520,47300,0,0,329,287,29,20,4795,4575,19.1,19.1,86.7,86.7
205,2026,"Hyundai","Palisade","Hybrid SEL","SEL","sel","sel","SUV","all wheel drive","all wheel drive",,"8 Passenger Seating","8 Passenger Seating",46160,43940,0,0,329,287,29,20,4795,4575,19.1,19.1,86.7,86.7
206,2021,"Hyundai","Santa Fe","Limited","Limited","limited","limited","SUV","all wheel drive","all wheel drive",,"","",39950,40450,0,0,226,277,32,24,4226,4017,36.4,36.4,72.1,72.1
207,2022,"Hyundai","Santa Fe","Limited","Limited","limited","limited","SUV","all wheel drive","all wheel drive",,"","",40710,41110,0,0,226,277,32,24,4226,4017,36.4,36.4,72.1,72.1
208,2023,"Hyundai","Santa Fe","Limited","Limited","limited","limited","SUV","all wheel drive","all wheel drive",,"","",41870,42300,0,0,226,281,32,24,4227,4017,36.4,36.4,72.1,72.1
209,2024,"Hyundai","Santa Fe","Calligraphy Hybrid","Calligraphy","calligraphy","calligraphy","SUV","front wheel drive","front wheel drive",,"","",47000,46500,0,0,231,277,36,24,4431,4343,14.6,14.6,79.6,79.6
210,2024,"Hyundai","Santa Fe","Limited Hybrid","Limited","limited","limited","SUV","front wheel drive","front wheel drive",,"","",43850,43350,0,0,231,277,36,24,4431,4343,14.6,14.6,79.6,79.6
211,2024,"Hyundai","Santa Fe","SEL Hybrid","SEL","sel","sel","SUV","front wheel drive","front wheel drive",,"","",36950,36450,0,0,231,277,36,24,4431,4343,14.6,14.6,79.6,79.6
212,2024,"Hyundai","Santa Fe","Limited Hybrid","Limited","limited","limited","SUV","all wheel drive","all wheel drive",,"","",45650,45150,0,0,231,277,34,23,4575,4486,14.6,14.6,79.6,79.6
213,2024,"Hyundai","Santa Fe","SEL Hybrid","SEL","sel","sel","SUV","all wheel drive","all wheel drive",,"","",38750,38250,0,0,231,277,34,23,4575,4486,14.6,14.6,79.6,79.6
214,2024,"Hyundai","Santa Fe","Calligraphy Hybrid","Calligraphy","calligraphy","calligraphy","SUV","all wheel drive","all wheel drive",,"","",48800,48300,0,0,231,277,34,23,4575,4486,14.6,14.6,79.6,79.6
215,2025,"Hyundai","Santa Fe","Limited Hybrid","Limited","limited","limited","SUV","all wheel drive","all wheel drive",,"","",46500,45500,0,0,231,277,34,23,4575,4486,14.6,14.6,79.6,79.6
216,2025,"Hyundai","Santa Fe","SEL Hybrid","SEL","sel","sel","SUV","all wheel drive","all wheel drive",,"","",39600,38600,0,0,231,277,34,23,4575,4486,14.6,14.6,79.6,79.6
217,2025,"Hyundai","Santa Fe","Limited Hybrid","Limited","limited","limited","SUV","front wheel drive","front wheel drive",,"","",44700,43700,0,0,231,277,36,24,4431,4343,14.6,14.6,79.6,79.6
218,2025,"Hyundai","Santa Fe","SEL Hybrid","SEL","sel","sel","SUV","front wheel drive","front wheel drive",,"","",37800,36800,0,0,231,277,36,24,4431,4343,14.6,14.6,79.6,79.6
219,2025,"Hyundai","Santa Fe","Calligraphy Hybrid","Calligraphy","calligraphy","calligraphy","SUV","front wheel drive","front wheel drive",,"","",47850,46850,0,0,231,277,36,24,4431,4343,14.6,14.6,79.6,79.6
220,2025,"Hyundai","Santa Fe","Calligraphy Hybrid","Calligraphy","calligraphy","calligraphy","SUV","all wheel drive","all wheel drive",,"","",49650,48650,0,0,231,277,34,23,4575,4486,14.6,14.6,79.6,79.6
221,2026,"Hyundai","Santa Fe","Limited Hybrid","Limited","limited","limited","SUV","all wheel drive","all wheel drive",,"","",47500,46400,0,0,231,277,34,23,4575,4486,14.6,14.6,79.6,79.6
222,2026,"Hyundai","Santa Fe","SEL Hybrid","SEL","sel","sel","SUV","all wheel drive","all wheel drive",,"","",40490,39390,0,0,231,277,34,23,4575,4486,14.6,14.6,79.6,79.6
223,2026,"Hyundai","Santa Fe","Calligraphy Hybrid","Calligraphy","calligraphy","calligraphy","SUV","all wheel drive","all wheel drive",,"","",50500,49400,0,0,231,277,34,23,4575,4486,14.6,14.6,79.6,79.6
224,2026,"Hyundai","Santa Fe","Calligraphy Hybrid","Calligraphy","calligraphy","calligraphy","SUV","front wheel drive","front wheel drive",,"","",48700,47600,0,0,231,277,36,24,4431,4343,14.6,14.6,79.6,79.6
225,2026,"Hyundai","Santa Fe","Limited Hybrid","Limited","limited","limited","SUV","front wheel drive","front wheel drive",,"","",45700,44600,0,0,231,277,36,24,4431,4343,14.6,14.6,79.6,79.6
226,2026,"Hyundai","Santa Fe","SEL Hybrid","SEL","sel","sel","SUV","front wheel drive","front wheel drive",,"","",38690,37590,0,0,231,277,36,24,4431,4343,14.6,14.6,79.6,79.6
227,2026,"Hyundai","Santa Fe","SE Hybrid","SE","se","se","SUV","all wheel drive","all wheel drive",,"","",38200,36850,0,0,231,277,34,23,4575,4486,14.6,14.6,79.6,79.6
228,2026,"Hyundai","Santa Fe","SE Hybrid","SE","se","se","SUV","front wheel drive","front wheel drive",,"","",36400,35050,0,0,231,277,36,24,4431,4343,14.6,14.6,79.6,79.6
229,2021,"Hyundai","Sonata","Limited","Limited","limited","limited","Sedan","front wheel drive","front wheel drive",,"","",35300,33950,0,0,192,180,47,30,3505,3336,16,16,,
230,2023,"Hyundai","Sonata","Limited","Limited","limited","limited","Sedan","front wheel drive","front wheel drive",,"","",36600,35325,0,0,192,180,47,31,3505,3336,16,16,,
231,2022,"Hyundai","Tucson","Limited Hybrid","Limited","limited","limited","SUV","all wheel drive","all wheel drive",,"","",38050,36800,0,0,227,187,37,26,3752,3651,38.7,38.7,73.3,73.8
232,2023,"Hyundai","Tucson","Limited Hybrid","Limited","limited","limited","SUV","all wheel drive","all wheel drive",,"","",39110,37660,0,0,226,187,37,25,3794,3651,38.7,38.7,74.5,74.8
233,2024,"Hyundai","Tucson","Limited Hybrid","Limited","limited","limited","SUV","all wheel drive","all wheel drive",,"","",39715,38260,0,0,226,187,37,25,3837,3663,38.7,38.7,74.5,74.8
234,2025,"Hyundai","Tucson","Limited Hybrid","Limited","limited","limited","SUV","all wheel drive","all wheel drive",,"","",41295,40145,0,0,231,187,35,26,3906,3801,38.7,38.7,74.5,74.8
235,2025,"Hyundai","Tucson","SEL Convenience Hybrid","SEL Convenience","sel convenience","sel convenience","SUV","all wheel drive","all wheel drive",,"","",36465,34515,0,0,231,187,35,26,3886,3676,38.7,38.7,74.5,74.8
236,2026,"Hyundai","Tucson","Hybrid Limited","Limited","limited","limited","SUV","all wheel drive","all wheel drive",,"","",42075,40925,0,0,231,187,36,26,3920,3800,38.7,38.7,74.5,74.8
237,2026,"Hyundai","Tucson","Hybrid SEL","SEL","sel","sel","SUV","all wheel drive","all wheel drive",,"","",33900,32300,0,0,231,187,36,26,3773,3638,38.7,38.7,74.5,74.8
238,2014,"INFINITI","Q50","Hybrid Premium","Premium","premium","premium","Sedan","rear wheel drive","rear wheel drive",,"","",44400,40000,0,1000,360,328,31,23,3913,3611,9.4,13.5,,
239,2014,"INFINITI","Q50","Hybrid Premium","Premium","premium","premium","Sedan","all wheel drive","all wheel drive",,"","",46200,41800,0,1000,360,328,30,22,4085,3787,9.4,13.5,,
240,2014,"INFINITI","Q50","Hybrid Sport","Sport","sport","sport","Sedan","rear wheel drive","rear wheel drive",,"","",46800,43650,0,0,360,328,31,23,3973,3675,9.4,13.5,,
241,2014,"INFINITI","Q50","Hybrid Sport","Sport","sport","sport","Sedan","all wheel drive","all wheel drive",,"","",48600,45450,0,0,360,328,30,22,4145,3849,9.4,13.5,,
242,2015,"INFINITI","Q50","Hybrid Premium","Premium","premium","premium","Sedan","rear wheel drive","rear wheel drive",,"","",44400,40000,0,1000,360,328,31,23,3913,3611,9.4,13.5,,
243,2015,"INFINITI","Q50","Hybrid Premium","Premium","premium","premium","Sedan","all wheel drive","all wheel drive",,"","",46200,41800,0,1000,360,328,30,22,4085,3787,9.4,13.5,,
244,2015,"INFINITI","Q50","Hybrid Sport","Sport","sport","sport","Sedan","rear wheel drive","rear wheel drive",,"","",46800,43650,0,0,360,328,31,23,3973,3675,9.4,13.5,,
245,2015,"INFINITI","Q50","Hybrid Sport","Sport","sport","sport","Sedan","all wheel drive","all wheel drive",,"","",48600,45450,0,0,360,328,30,22,4145,3849,9.4,13.5,,
246,2012,"INFINITI","Q70","M35h","M37","m37","m35h","Sedan","rear wheel drive","rear wheel drive",,"","",53700,47700,0,0,360,330,29,21,4129,3849,11.3,14.9,,
247,2013,"INFINITI","Q70","M35h","M37","m37","m35h","Sedan","rear wheel drive","rear wheel drive",,"","",54750,48700,0,0,360,330,29,21,4136,3863,11.3,14.9,,
248,2014,"INFINITI","Q70","Hybrid","Base","base","basic","Sedan","rear wheel drive","rear wheel drive",,"","",55650,49600,0,0,360,330,31,21,4131,3832,11.3,14.9,,
249,2015,"INFINITI","Q70","Hybrid","Base","base","basic","Sedan","rear wheel drive","rear wheel drive",,"","",55900,49850,0,0,360,330,31,21,4134,3867,11.3,14.9,,
250,2016,"INFINITI","Q70","Hybrid","Base","base","basic","Sedan","rear wheel drive","rear wheel drive",,"","",55900,49850,0,0,360,330,31,21,4134,3867,11.3,14.9,,
251,2017,"INFINITI","Q70","Hybrid","Base","base","basic","Sedan","rear wheel drive","rear wheel drive",,"","",56200,50100,0,0,360,330,30,21,4134,3867,11.3,14.9,,
252,2018,"INFINITI","Q70","Hybrid LUXE","3.7 LUXE","3 7 luxe","luxe","Sedan","rear wheel drive","rear wheel drive",,"","",56400,50300,0,0,360,330,30,21,4134,3876,11.3,14.9,,
253,2014,"INFINITI","QX60","Hybrid","Base","base","basic","SUV","front wheel drive","front wheel drive",,"","",45100,42100,0,0,250,265,26,22,4485,4323,15.8,15.8,76.5,76.5
254,2014,"INFINITI","QX60","Hybrid","Base","base","basic","SUV","all wheel drive","all wheel drive",,"","",46500,43500,0,0,250,265,26,21,4625,4462,15.8,15.8,76.5,76.5
255,2015,"INFINITI","QX60","Hybrid","Base","base","basic","SUV","front wheel drive","front wheel drive",,"","",45400,42400,0,0,230,265,26,23,4538,4384,15.8,15.8,76.5,76.5
256,2015,"INFINITI","QX60","Hybrid","Base","base","basic","SUV","all wheel drive","all wheel drive",,"","",46800,43800,0,0,230,265,26,22,4678,4523,15.8,15.8,76.5,76.5
257,2025,"Kia","Carnival","SX","SX","sx","sx","Minivan","front wheel drive","front wheel drive",,"","",47900,45900,0,0,242,287,33,21,4852,4810,40.2,40.2,145.1,145.1
258,2025,"Kia","Carnival","EX","EX","ex","ex","Minivan","front wheel drive","front wheel drive",,"","",43000,41000,0,0,242,287,33,21,4852,4725,40.2,40.2,145.1,145.1
259,2025,"Kia","Carnival","SX Prestige","SX Prestige","sx prestige","sx prestige","Minivan","front wheel drive","front wheel drive",,"","",52900,50900,0,0,242,287,33,21,4852,4720,40.2,40.2,145.1,145.1
260,2025,"Kia","Carnival","LXS","LXS","lxs","lxs","Minivan","front wheel drive","front wheel drive",,"","",40800,38800,0,0,242,287,33,21,4852,4630,40.2,40.2,145.1,145.1
261,2026,"Kia","Carnival","LXS","LXS","lxs","lxs","Minivan","front wheel drive","front wheel drive",,"","",41390,39390,0,0,242,287,32,21,4852,4630,40.2,40.2,145.1,145.1
262,2026,"Kia","Carnival","EX","EX","ex","ex","Minivan","front wheel drive","front wheel drive",,"","",43590,41590,0,0,242,287,32,21,4852,4725,40.2,40.2,145.1,145.1
263,2026,"Kia","Carnival","SX Prestige","SX Prestige","sx prestige","sx prestige","Minivan","front wheel drive","front wheel drive",,"","",53490,51490,0,0,242,287,32,21,4852,4720,40.2,40.2,145.1,145.1
264,2026,"Kia","Carnival","SX","SX","sx","sx","Minivan","front wheel drive","front wheel drive",,"","",48490,46490,0,0,242,287,32,21,4852,4810,40.2,40.2,145.1,145.1
265,2020,"Kia","Optima","EX","EX","ex","ex","Sedan","front wheel drive","front wheel drive",,"","",29310,27190,0,0,192,178,42,31,3496,3285,13.4,15.9,,
266,2021,"Kia","Sorento","S","S","s","s","SUV","front wheel drive","front wheel drive",,"","",33590,31890,0,0,227,191,37,26,3794,3794,12.6,12.6,75.5,75.5
267,2022,"Kia","Sorento","S","S","s","s","SUV","front wheel drive","front wheel drive",,"","",34090,32390,0,0,227,191,37,26,3979,3794,12.6,12.6,75.5,75.5
268,2022,"Kia","Sorento","EX","EX","ex","ex","SUV","front wheel drive","front wheel drive",,"","",36090,35490,0,0,227,281,37,25,3979,3999,12.6,12.6,75.5,75.5
269,2023,"Kia","Sorento","EX","EX","ex","ex","SUV","front wheel drive","front wheel drive",,"","",36690,35990,0,0,227,281,37,25,3979,3999,12.6,12.6,75.5,75.5
270,2023,"Kia","Sorento","SX Prestige","SX Prestige","sx prestige","sx prestige","SUV","all wheel drive","all wheel drive",,"","",42490,43490,1300,0,227,281,34,24,4255,4120,,,,
271,2024,"Kia","Sorento","EX","EX","ex","ex","SUV","front wheel drive","front wheel drive",,"","",36990,37990,0,0,227,281,37,23,4000,4074,12.6,12.6,75.5,75.5
272,2025,"Kia","Sorento","EX","EX","ex","ex","SUV","all wheel drive","all wheel drive",,"","",40490,39590,0,0,227,281,36,23,4345,4123,12.6,12.6,75.5,75.5
273,2025,"Kia","Sorento","EX","EX","ex","ex","SUV","front wheel drive","front wheel drive",,"","",38690,38090,0,0,227,281,34,23,4211,4074,12.6,12.6,75.5,75.5
274,2026,"Kia","Sorento","X-Line SX Prestige","X-Line SX Prestige","x line sx prestige","x line sx prestige","SUV","all wheel drive","all wheel drive",,"","",47190,46790,0,0,227,281,34,23,4544,4250,12.6,12.6,75.5,75.5
275,2026,"Kia","Sorento","EX","EX","ex","ex","SUV","all wheel drive","all wheel drive",,"","",40690,39990,0,0,227,281,34,23,4431,4250,12.6,12.6,75.5,75.5
276,2026,"Kia","Sorento","EX","EX","ex","ex","SUV","front wheel drive","front wheel drive",,"","",38890,38490,0,0,227,281,37,23,4233,4074,12.6,12.6,75.5,75.5
277,2023,"Kia","Sportage","LX","LX","lx","lx","SUV","front wheel drive","front wheel drive",,"","",27490,26290,0,0,227,187,43,28,3713,3664,39.5,39.6,73.7,74.1
278,2023,"Kia","Sportage","LX","LX","lx","lx","SUV","all wheel drive","all wheel drive",,"","",29290,28090,0,0,227,187,38,25,3896,3834,39.5,39.6,73.7,74.1
279,2023,"Kia","Sportage","EX","EX","ex","ex","SUV","all wheel drive","all wheel drive",,"","",31190,30090,0,0,227,187,38,25,3896,3834,39.5,39.6,73.7,74.1
280,2024,"Kia","Sportage","LX","LX","lx","lx","SUV","all wheel drive","all wheel drive",,"","",30090,28890,0,0,227,187,38,25,3757,3809,39.5,39.6,73.7,74.1
281,2024,"Kia","Sportage","LX","LX","lx","lx","SUV","front wheel drive","front wheel drive",,"","",28290,27090,0,0,227,187,43,28,3757,3661,39.5,39.6,73.7,74.1
282,2024,"Kia","Sportage","EX","EX","ex","ex","SUV","all wheel drive","all wheel drive",,"","",31990,30890,0,0,227,187,38,25,3935,3809,39.5,39.6,73.7,74.1
283,2025,"Kia","Sportage","LX","LX","lx","lx","SUV","front wheel drive","front wheel drive",,"","",28790,27390,0,0,227,187,43,28,3757,3661,39.5,39.6,73.7,74.1
284,2025,"Kia","Sportage","EX","EX","ex","ex","SUV","all wheel drive","all wheel drive",,"","",32590,31290,0,0,227,187,38,25,3935,3809,39.5,39.6,73.7,74.1
285,2025,"Kia","Sportage","LX","LX","lx","lx","SUV","all wheel drive","all wheel drive",,"","",30590,29190,0,0,227,187,38,25,3935,3809,39.5,39.6,73.7,74.1
286,2026,"Kia","Sportage","X-Line","X-Line","x line","x line","SUV","all wheel drive","all wheel drive",,"","",35690,33090,0,1500,232,187,35,26,3994,3827,,,,
287,2026,"Kia","Sportage","LX","LX","lx","lx","SUV","front wheel drive","front wheel drive",,"","",30490,28790,0,0,232,187,42,28,3831,3697,39.5,39.6,73.7,74.1
288,2026,"Kia","Sportage","EX","EX","ex","ex","SUV","all wheel drive","all wheel drive",,"","",33790,32390,0,0,232,187,35,26,3994,3827,39.5,39.6,73.7,74.1
289,2013,"Lexus","ES","Base","Base","base","base","Sedan","front wheel drive","front wheel drive",,"","",39250,36370,0,0,200,268,40,24,3660,3549,12.1,15.2,,
290,2014,"Lexus","ES","Base","Base","base","base","Sedan","front wheel drive","front wheel drive",,"","",39500,36620,0,0,200,268,40,24,3660,3549,12.1,15.2,,
291,2015,"Lexus","ES","Base","Base","base","base","Sedan","front wheel drive","front wheel drive",,"","",40580,37700,0,0,200,268,40,24,3660,3549,12.1,15.2,,
292,2016,"Lexus","ES","Base","Base","base","base","Sedan","front wheel drive","front wheel drive",,"","",41020,38100,0,0,200,268,40,24,3682,3571,12.1,15.2,,
293,2017,"Lexus","ES","Base","Base","base","base","Sedan","front wheel drive","front wheel drive",,"","",41820,38900,0,0,200,268,40,24,3682,3571,12.1,15.2,,
294,2018,"Lexus","ES","Base","Base","base","base","Sedan","front wheel drive","front wheel drive",,"","",41820,38950,0,0,200,268,40,24,3682,3571,12.1,15.2,,
295,2019,"Lexus","ES","Base","Base","base","base","Sedan","front wheel drive","front wheel drive",,"","",41560,39750,0,0,215,302,44,26,3704,3649,16.7,16.7,,
296,2019,"Lexus","ES","Luxury","Luxury","luxury","luxury","Sedan","front wheel drive","front wheel drive",,"","",44215,42405,0,0,215,302,44,26,3704,3649,16.7,16.7,,
297,2019,"Lexus","ES","Ultra Luxury","Ultra Luxury","ultra luxury","ultra luxury","Sedan","front wheel drive","front wheel drive",,"","",45210,43400,0,0,215,302,44,26,3704,3649,16.7,16.7,,
298,2020,"Lexus","ES","Ultra Luxury","Ultra Luxury","ultra luxury","ultra luxury","Sedan","front wheel drive","front wheel drive",,"","",45660,43750,0,0,215,302,44,26,3704,3649,16.7,16.7,,
299,2020,"Lexus","ES","Base","Base","base","base","Sedan","front wheel drive","front wheel drive",,"","",41810,39900,0,0,215,302,44,26,3704,3649,16.7,16.7,,
300,2020,"Lexus","ES","Luxury","Luxury","luxury","luxury","Sedan","front wheel drive","front wheel drive",,"","",44665,42755,0,0,215,302,44,26,3704,3649,16.7,16.7,,
301,2021,"Lexus","ES","Ultra Luxury","Ultra Luxury","ultra luxury","ultra luxury","Sedan","front wheel drive","front wheel drive",,"","",50910,49000,0,0,215,302,44,26,3730,3690,13.9,16.7,,
302,2021,"Lexus","ES","Luxury","Luxury","luxury","luxury","Sedan","front wheel drive","front wheel drive",,"","",47110,45200,0,0,215,302,44,26,3730,3690,13.9,16.7,,
303,2021,"Lexus","ES","Base","Base","base","base","Sedan","front wheel drive","front wheel drive",,"","",41910,40000,0,0,215,302,44,26,3730,3690,13.9,16.7,,
304,2022,"Lexus","ES","Base","Base","base","base","Sedan","front wheel drive","front wheel drive",,"","",42150,40950,0,0,215,302,44,26,3682,3690,13.9,13.9,,
305,2022,"Lexus","ES","Ultra Luxury","Ultra Luxury","ultra luxury","ultra luxury","Sedan","front wheel drive","front wheel drive",,"","",51330,50130,0,0,215,302,44,26,3682,3690,13.9,13.9,,
306,2022,"Lexus","ES","Luxury","Luxury","luxury","luxury","Sedan","front wheel drive","front wheel drive",,"","",47550,46350,0,0,215,302,44,26,3682,3690,13.9,13.9,,
307,2022,"Lexus","ES","F SPORT","F SPORT","f sport","f sport","Sedan","front wheel drive","front wheel drive",,"","",45700,45600,0,0,215,302,44,25,3682,3690,13.9,13.9,,
308,2023,"Lexus","ES","F SPORT Design","F SPORT Design","f sport design","f sport design","Sedan","front wheel drive","front wheel drive",,"","",47725,46525,0,0,215,302,44,25,3682,3690,13.9,13.9,,
309,2023,"Lexus","ES","Ultra Luxury","Ultra Luxury","ultra luxury","ultra luxury","Sedan","front wheel drive","front wheel drive",,"","",52130,50730,0,0,215,302,44,26,3682,3690,13.9,13.9,,
310,2023,"Lexus","ES","Luxury","Luxury","luxury","luxury","Sedan","front wheel drive","front wheel drive",,"","",48510,47110,0,0,215,302,44,26,3682,3690,13.9,13.9,,
311,2023,"Lexus","ES","F SPORT Handling","F SPORT Handling","f sport handling","f sport handling","Sedan","front wheel drive","front wheel drive",,"","",49635,48400,0,0,215,302,44,25,3682,3690,13.9,13.9,,
312,2023,"Lexus","ES","Base","Base","base","base","Sedan","front wheel drive","front wheel drive",,"","",43340,41940,0,0,215,302,44,26,3682,3690,13.9,13.9,,
313,2024,"Lexus","ES","300h","350","base","300h","Sedan","front wheel drive","front wheel drive",,"","",43440,42040,0,0,215,302,44,26,3730,3690,13.9,13.9,,
314,2024,"Lexus","ES","300h F SPORT Handling","350 F SPORT Handling","f sport handling","300h f sport handling","Sedan","front wheel drive","front wheel drive",,"","",49735,48500,0,0,215,302,44,25,3730,3690,13.9,13.9,,
315,2024,"Lexus","ES","300h Luxury","350 Luxury","luxury","300h luxury","Sedan","front wheel drive","front wheel drive",,"","",48610,47210,0,0,215,302,44,26,3730,3690,13.9,13.9,,
316,2024,"Lexus","ES","300h Ultra Luxury","350 Ultra Luxury","ultra luxury","300h ultra luxury","Sedan","front wheel drive","front wheel drive",,"","",52330,50930,0,0,215,302,44,26,3730,3690,13.9,13.9,,
317,2024,"Lexus","ES","300h F SPORT Design","350 F SPORT Design","f sport design","300h f sport design","Sedan","front wheel drive","front wheel drive",,"","",47825,46625,0,0,215,302,44,25,3730,3690,13.9,13.9,,
318,2025,"Lexus","ES","300h F SPORT Handling","350 F SPORT Handling","f sport handling","300h f sport handling","Sedan","front wheel drive","front wheel drive",,"","",49835,48600,0,0,215,302,44,25,3730,3690,13.9,13.9,,
319,2025,"Lexus","ES","300h Luxury","350 Luxury","luxury","300h luxury","Sedan","front wheel drive","front wheel drive",,"","",48710,47310,0,0,215,302,44,25,3730,3690,13.9,13.9,,
320,2025,"Lexus","ES","300h","350","base","300h","Sedan","front wheel drive","front wheel drive",,"","",43540,42140,0,0,215,302,44,25,3730,3690,13.9,13.9,,
321,2025,"Lexus","ES","300h Ultra Luxury","350 Ultra Luxury","ultra luxury","300h ultra luxury","Sedan","front wheel drive","front wheel drive",,"","",52430,51030,0,0,215,302,44,25,3730,3690,13.9,13.9,,
322,2025,"Lexus","ES","300h F SPORT Design","350 F SPORT Design","f sport design","300h f sport design","Sedan","front wheel drive","front wheel drive",,"","",47925,46725,0,0,215,302,44,25,3730,3690,13.9,13.9,,
323,2018,"Lexus","LS","Base","Base","base","base","Sedan","all wheel drive","all wheel drive",,"","",82730,78220,0,0,354,416,26,21,5027,4905,15.2,17,,
324,2018,"Lexus","LS","Base","Base","base","base","Sedan","rear wheel drive","rear wheel drive",,"","",79510,75000,0,0,354,416,28,23,4850,4707,15.2,17,,
325,2019,"Lexus","LS","Base","Base","base","base","Sedan","rear wheel drive","rear wheel drive",,"","",79960,75450,0,0,354,416,28,23,4850,4707,15.2,17,,
326,2019,"Lexus","LS","Base","Base","base","base","Sedan","all wheel drive","all wheel drive",,"","",83180,78670,0,0,354,416,26,21,5027,4905,15.2,17,,
327,2020,"Lexus","LS","Base","Base","base","base","Sedan","rear wheel drive","rear wheel drive",,"","",80010,75450,0,0,354,416,28,23,4850,4707,15.2,17,,
328,2020,"Lexus","LS","Base","Base","base","base","Sedan","all wheel drive","all wheel drive",,"","",83230,78670,0,0,354,416,26,21,5027,4905,15.2,17,,
329,2015,"Lexus","NX","Base","Base","base","base","SUV","front wheel drive","front wheel drive",,"","",39720,34480,0,0,194,235,33,24,4055,3940,16.7,17.7,53.7,54.6
330,2015,"Lexus","NX","Base","Base","base","base","SUV","all wheel drive","all wheel drive",,"","",41310,35880,0,0,194,235,32,24,4180,4050,16.7,17.7,53.7,54.6
331,2016,"Lexus","NX","Base","Base","base","base","SUV","front wheel drive","front wheel drive",,"","",39720,34965,0,0,194,235,33,25,4055,3940,16.8,17.7,53.7,54.6
332,2016,"Lexus","NX","Base","Base","base","base","SUV","all wheel drive","all wheel drive",,"","",41310,36365,0,0,194,235,32,24,4180,4050,16.8,17.7,53.7,54.6
333,2017,"Lexus","NX","Base","Base","base","base","SUV","all wheel drive","all wheel drive",,"","",39720,36685,0,0,194,235,31,24,4180,4050,16.8,17.7,53.7,54.6
334,2018,"Lexus","NX","Base","Base","base","base","SUV","all wheel drive","all wheel drive",,"","",38335,37385,0,0,194,235,31,24,4180,4050,16.8,17.7,53.7,54.6
335,2019,"Lexus","NX","Base","Base","base","base","SUV","all wheel drive","all wheel drive",,"","",38835,37885,0,0,194,235,31,24,4180,4050,16.8,17.7,53.7,54.6
336,2020,"Lexus","NX","Base","Base","base","base","SUV","all wheel drive","all wheel drive",,"","",39070,38120,0,0,194,235,31,24,4180,4050,16.8,17.7,53.7,54.6
337,2020,"Lexus","NX","Luxury","Luxury","luxury","luxury","SUV","all wheel drive","all wheel drive",,"","",46160,45210,0,0,194,235,31,24,4180,4050,16.8,17.7,53.7,54.6
338,2021,"Lexus","NX","Luxury","Luxury","luxury","luxury","SUV","all wheel drive","all wheel drive",,"","",46610,45460,0,0,194,235,31,24,4180,4050,16.8,17.7,53.7,54.5
339,2021,"Lexus","NX","Base","Base","base","base","SUV","all wheel drive","all wheel drive",,"","",40160,39010,0,0,194,235,31,24,4180,4050,16.8,17.7,53.7,54.5
340,2022,"Lexus","NX","Base","Base","base","base","SUV","all wheel drive","all wheel drive",,"","",41550,39950,0,0,240,203,39,28,4080,3790,22.7,22.7,46.9,46.9
341,2022,"Lexus","NX","Premium","Premium","premium","premium","SUV","all wheel drive","all wheel drive",,"","",44600,43000,0,0,240,203,39,28,4080,3790,22.7,22.7,46.9,46.9
342,2022,"Lexus","NX","Luxury","Luxury","luxury","luxury","SUV","all wheel drive","all wheel drive",,"","",49000,46100,0,0,240,203,39,28,4080,3790,22.7,22.7,46.9,46.9
343,2023,"Lexus","NX","Base","Base","base","base","SUV","all wheel drive","all wheel drive",,"","",42655,40655,0,0,240,203,39,28,4080,3790,22.7,22.7,46.9,46.9
344,2023,"Lexus","NX","Premium","Premium","premium","premium","SUV","all wheel drive","all wheel drive",,"","",45705,43705,0,0,240,203,39,28,4080,3790,22.7,22.7,46.9,46.9
345,2023,"Lexus","NX","Luxury","Luxury","luxury","luxury","SUV","all wheel drive","all wheel drive",,"","",50105,46805,0,0,240,203,39,28,4080,3790,22.7,22.7,46.9,46.9
346,2024,"Lexus","NX","350h Premium","250 Premium","premium","350h premium","SUV","all wheel drive","all wheel drive",,"","",46515,44105,0,0,240,203,39,28,4080,3790,22.7,22.7,46.9,46.9
347,2024,"Lexus","NX","350h","250","base","350h","SUV","all wheel drive","all wheel drive",,"","",43465,41055,0,0,240,203,39,28,4080,3790,22.7,22.7,46.9,46.9
348,2024,"Lexus","NX","350h Luxury","350 Luxury","luxury","350h luxury","SUV","all wheel drive","all wheel drive",,"","",49605,49355,0,0,240,275,39,24,4080,4035,22.7,22.7,46.9,46.9
349,2025,"Lexus","NX","350h Luxury","350 Luxury","luxury","350h luxury","SUV","all wheel drive","all wheel drive",,"","",51490,50790,0,0,240,275,39,24,4080,4035,22.7,22.7,46.9,46.9
350,2025,"Lexus","NX","350h Premium","250 Premium","premium","350h premium","SUV","all wheel drive","all wheel drive",,"","",47350,44490,0,0,240,203,39,28,4080,3790,22.7,22.7,46.9,46.9
351,2025,"Lexus","NX","350h","250","base","350h","SUV","all wheel drive","all wheel drive",,"","",45425,42565,0,0,240,203,39,28,4080,3790,22.7,22.7,46.9,46.9
352,2026,"Lexus","NX","350h Premium","350 Premium","premium","350h premium","SUV","all wheel drive","all wheel drive",,"","",48650,47750,0,0,240,275,39,24,4080,4035,22.7,22.7,46.9,46.9
353,2026,"Lexus","NX","350h","350","base","350h","SUV","all wheel drive","all wheel drive",,"","",46725,45825,0,0,240,275,39,24,4080,4035,22.7,22.7,46.9,46.9
354,2026,"Lexus","NX","350h Luxury","350 Luxury","luxury","350h luxury","SUV","all wheel drive","all wheel drive",,"","",52790,51890,0,0,240,275,39,24,4080,4035,22.7,22.7,46.9,46.9
355,2026,"Lexus","NX","350h F SPORT Handling","350 F SPORT Handling","f sport handling","350h f sport handling","SUV","all wheel drive","all wheel drive",,"","",55200,51800,0,0,240,275,39,24,4080,4035,22.7,22.7,46.9,46.9
356,2018,"Lexus","RX","F SPORT","F SPORT","f sport","f sport","SUV","all wheel drive","all wheel drive",,"","",51255,50520,0,0,308,295,30,22,4740,4387,18,18.4,55.9,56.3
357,2018,"Lexus","RX","Base","Base","base","base","SUV","all wheel drive","all wheel drive",,"","",45895,44870,0,0,308,295,30,22,4740,4387,18,18.4,55.9,56.3
358,2018,"Lexus","RX","Luxury","Luxury","luxury","luxury","SUV","all wheel drive","all wheel drive",,"","",54555,54085,0,0,308,290,30,21,4905,4619,7.5,7.5,58.5,58.5
359,2019,"Lexus","RX","Luxury","Luxury","luxury","luxury","SUV","all wheel drive","all wheel drive",,"","",54905,54435,0,0,308,290,30,21,4905,4619,7.5,7.5,58.5,58.5
360,2019,"Lexus","RX","Base","Base","base","base","SUV","all wheel drive","all wheel drive",,"","",50970,49420,0,0,308,290,30,21,4905,4619,7.5,7.5,58.5,58.5
361,2019,"Lexus","RX","F SPORT","F SPORT","f sport","f sport","SUV","all wheel drive","all wheel drive",,"","",51605,50870,0,0,308,295,30,22,4740,4387,18,18.4,55.9,56.3
362,2020,"Lexus","RX","Base","Base","base","base","SUV","all wheel drive","all wheel drive",,"","",46800,45550,0,0,308,295,30,22,4740,4387,18,18.4,55.9,56.3
363,2020,"Lexus","RX","Base","Base","base","base","SUV","all wheel drive","all wheel drive",,"","",50510,48700,0,0,308,295,29,21,4905,4619,7.5,7.5,58.5,58.5
364,2020,"Lexus","RX","F SPORT","F SPORT","f sport","f sport","SUV","all wheel drive","all wheel drive",,"","",50600,49350,0,0,308,295,30,22,4740,4387,18,18.4,55.9,56.3
365,2020,"Lexus","RX","F SPORT Performance","F SPORT Performance","f sport performance","f sport performance","SUV","all wheel drive","all wheel drive",,"","",52920,51750,0,0,308,295,30,22,4740,4387,18,18.4,55.9,56.3
366,2020,"Lexus","RX","Luxury","Luxury","luxury","luxury","SUV","all wheel drive","all wheel drive",,"","",56510,54700,0,0,308,295,29,21,4905,4619,7.5,7.5,58.5,58.5
367,2021,"Lexus","RX","F SPORT","F SPORT","f sport","f sport","SUV","all wheel drive","all wheel drive",,"","",51400,50100,0,0,308,295,30,22,4740,4387,16,16,32.6,32.7
368,2021,"Lexus","RX","Base","Base","base","base","SUV","all wheel drive","all wheel drive",,"","",47920,46620,0,0,308,295,30,22,4740,4387,16,16,32.6,32.7
369,2021,"Lexus","RX","Luxury","Luxury","luxury","luxury","SUV","all wheel drive","all wheel drive",,"","",57310,55400,0,0,308,290,29,21,4905,4619,7.5,7.5,58.5,58.5
370,2021,"Lexus","RX","Base","Base","base","base","SUV","all wheel drive","all wheel drive",,"","",51310,49400,0,0,308,290,29,21,4905,4619,7.5,7.5,58.5,58.5
371,2022,"Lexus","RX","Base","Base","base","base","SUV","all wheel drive","all wheel drive",,"","",48720,47320,0,0,308,295,30,22,4740,4387,16,16,32.7,32.7
372,2022,"Lexus","RX","F SPORT","F SPORT","f sport","f sport","SUV","all wheel drive","all wheel drive",,"","",52200,50800,0,0,308,295,30,22,4740,4387,16,16,32.7,32.7
373,2022,"Lexus","RX","Luxury","Luxury","luxury","luxury","SUV","all wheel drive","all wheel drive",,"","",58110,56150,0,0,308,290,29,21,4905,4619,7.5,7.5,58.5,58.5
374,2022,"Lexus","RX","Base","Base","base","base","SUV","all wheel drive","all wheel drive",,"","",52110,50150,0,0,308,290,29,21,4905,4619,7.5,7.5,58.5,58.5
375,2023,"Lexus","RX","Base","Base","base","base","SUV","all wheel drive","all wheel drive",,"","",49000,49000,0,0,246,275,36,24,4455,4221,29.6,29.6,46.2,46.2
376,2023,"Lexus","RX","Premium","Premium","premium","premium","SUV","all wheel drive","all wheel drive",,"","",51000,51000,0,0,246,275,36,24,4455,4221,29.6,29.6,46.2,46.2
377,2023,"Lexus","RX","Premium Plus","Premium Plus","premium plus","premium plus","SUV","all wheel drive","all wheel drive",,"","",53600,53600,0,0,246,275,36,24,4455,4221,29.6,29.6,46.2,46.2
378,2023,"Lexus","RX","Luxury","Luxury","luxury","luxury","SUV","all wheel drive","all wheel drive",,"","",57000,57000,0,0,246,275,36,24,4455,4221,29.6,29.6,46.2,46.2
379,2024,"Lexus","RX","350h Premium Plus","350 Premium Plus","premium plus","350h premium plus","SUV","all wheel drive","all wheel drive",,"","",54750,54200,0,0,246,275,36,24,4455,4310,29.6,29.6,46.2,46.2
380,2024,"Lexus","RX","350h Premium","350 Premium","premium","350h premium","SUV","all wheel drive","all wheel drive",,"","",52900,52350,0,0,246,275,36,24,4455,4310,29.6,29.6,46.2,46.2
381,2024,"Lexus","RX","350h","350","base","350h","SUV","all wheel drive","all wheel drive",,"","",50750,50200,0,0,246,275,36,24,4455,4310,29.6,29.6,46.2,46.2
382,2024,"Lexus","RX","350h Luxury","350 Luxury","luxury","350h luxury","SUV","all wheel drive","all wheel drive",,"","",59880,59330,0,0,246,275,36,24,4455,4310,29.6,29.6,46.2,46.2
383,2025,"Lexus","RX","350h F SPORT Design","350 F SPORT Design","f sport design","350h f sport design","SUV","all wheel drive","all wheel drive",,"","",56005,55305,0,0,246,275,36,24,4480,4310,29.6,29.6,46.2,46.2
384,2025,"Lexus","RX","350h Premium Plus","350 Premium Plus","premium plus","350h premium plus","SUV","all wheel drive","all wheel drive",,"","",57165,56465,0,0,246,275,36,24,4480,4310,29.6,29.6,46.2,46.2
385,2025,"Lexus","RX","350h Luxury","350 Luxury","luxury","350h luxury","SUV","all wheel drive","all wheel drive",,"","",62220,61520,0,0,246,275,36,24,4480,4310,29.6,29.6,46.2,46.2
386,2025,"Lexus","RX","350h Premium","350 Premium","premium","350h premium","SUV","all wheel drive","all wheel drive",,"","",53675,52975,0,0,246,275,36,24,4480,4310,29.6,29.6,46.2,46.2
387,2025,"Lexus","RX","350h","350","base","350h","SUV","all wheel drive","all wheel drive",,"","",51425,50725,0,0,246,275,36,24,4480,4310,29.6,29.6,46.2,46.2
388,2026,"Lexus","RX","350h","350","base","350h","SUV","all wheel drive","all wheel drive",,"","",52825,52125,0,0,246,275,36,24,4480,4310,29.6,29.6,46.2,46.2
389,2026,"Lexus","RX","350h F SPORT Design","350 F SPORT Design","f sport design","350h f sport design","SUV","all wheel drive","all wheel drive",,"","",57330,56630,0,0,246,275,36,24,4480,4310,29.6,29.6,46.2,46.2
390,2026,"Lexus","RX","350h Luxury","350 Luxury","luxury","350h luxury","SUV","all wheel drive","all wheel drive",,"","",63545,62845,0,0,246,275,36,24,4480,4310,29.6,29.6,46.2,46.2
391,2026,"Lexus","RX","350h Premium","350 Premium","premium","350h premium","SUV","all wheel drive","all wheel drive",,"","",55000,54300,0,0,246,275,36,24,4480,4310,29.6,29.6,46.2,46.2
392,2026,"Lexus","RX","350h Premium Plus","350 Premium Plus","premium plus","350h premium plus","SUV","all wheel drive","all wheel drive",,"","",58490,57790,0,0,246,275,36,24,4480,4310,29.6,29.6,46.2,46.2
393,2012,"Lincoln","MKZ","Hybrid","Base","base","basic","Sedan","front wheel drive","front wheel drive",,"","",34755,34755,0,0,191,263,39,21,3752,3598,11.8,16.5,,
394,2013,"Lincoln","MKZ","Hybrid","Base","base","basic","Sedan","front wheel drive","front wheel drive",,"","EcoBoost",35925,35925,0,0,188,240,38,26,3828,3719,11.6,15.4,,
395,2014,"Lincoln","MKZ","Hybrid","Base","base","basic","Sedan","front wheel drive","front wheel drive",,"","EcoBoost",35190,35190,0,0,188,231,38,26,3828,3719,11.1,15.4,,
396,2015,"Lincoln","MKZ","Hybrid","Base","base","basic","Sedan","front wheel drive","front wheel drive",,"","",35190,35190,0,0,188,231,40,26,3792,3719,11.1,15.4,,
397,2015,"Lincoln","MKZ","Black Label Hybrid","Black Label","black label","black label","Sedan","front wheel drive","front wheel drive",,"","",45555,45555,0,0,188,231,40,26,3792,3719,11.1,15.4,,
398,2016,"Lincoln","MKZ","Hybrid","Base","base","basic","Sedan","front wheel drive","front wheel drive",,"","",35190,35190,0,0,188,231,40,26,3792,3719,11.1,15.4,,
399,2016,"Lincoln","MKZ","Black Label Hybrid","Black Label","black label","black label","Sedan","front wheel drive","front wheel drive",,"","",45605,45605,0,0,188,231,40,26,3792,3719,11.1,15.4,,
400,2017,"Lincoln","MKZ","Hybrid Reserve","Reserve","reserve","reserve","Sedan","front wheel drive","front wheel drive",,"","",39670,39670,0,0,188,245,40,24,3871,3739,11.1,15.4,,
401,2017,"Lincoln","MKZ","Hybrid Select","Select","select","select","Sedan","front wheel drive","front wheel drive",,"","",36920,36920,0,0,188,245,40,24,3871,3739,11.1,15.4,,
402,2017,"Lincoln","MKZ","Hybrid Premiere","Premiere","premiere","premiere","Sedan","front wheel drive","front wheel drive",,"","",35170,35170,0,0,188,245,40,24,3871,3739,11.1,15.4,,
403,2017,"Lincoln","MKZ","Hybrid Black Label","Black Label","black label","black label","Sedan","front wheel drive","front wheel drive",,"","",47830,47830,0,0,188,245,40,24,3871,3739,11.1,15.4,,
404,2018,"Lincoln","MKZ","Hybrid Reserve","Reserve","reserve","reserve","Sedan","front wheel drive","front wheel drive",,"","",40170,40170,0,0,188,245,40,24,3871,3739,11.1,15.4,,
405,2018,"Lincoln","MKZ","Hybrid Premiere","Premiere","premiere","premiere","Sedan","front wheel drive","front wheel drive",,"","",35605,35605,0,0,188,245,40,24,3871,3739,11.1,15.4,,
406,2018,"Lincoln","MKZ","Hybrid Select","Select","select","select","Sedan","front wheel drive","front wheel drive",,"","",37355,37355,0,0,188,245,40,24,3871,3739,11.1,15.4,,
407,2018,"Lincoln","MKZ","Hybrid Black Label","Black Label","black label","black label","Sedan","front wheel drive","front wheel drive",,"","",47990,47990,0,0,188,245,40,24,3871,3739,11.1,15.4,,
408,2019,"Lincoln","MKZ","Hybrid Reserve I","Reserve I","reserve i","reserve i","Sedan","front wheel drive","front wheel drive",,"","",38995,38995,0,0,188,245,40,24,3849,3749,11.1,15.4,,
409,2019,"Lincoln","MKZ","Hybrid Reserve II","Reserve II","reserve ii","reserve ii","Sedan","front wheel drive","front wheel drive",,"","",44995,44995,0,0,188,245,40,24,3849,3749,11.1,15.4,,
410,2020,"Lincoln","MKZ","Hybrid Reserve","Reserve","reserve","reserve","Sedan","front wheel drive","front wheel drive",,"","",42500,42500,0,0,188,245,41,24,3849,3749,11.1,15.4,,
411,2024,"Lincoln","Nautilus","Black Label","Black Label","black label","black label","SUV","all wheel drive","all wheel drive",,"","",75965,74465,0,0,310,250,30,24,4517,4349,35.2,35.2,68.8,68.8
412,2024,"Lincoln","Nautilus","Premiere","Premiere","premiere","premiere","SUV","all wheel drive","all wheel drive",,"","",51915,50415,0,0,310,250,30,24,4517,4349,36.4,36.4,71.3,71.3
413,2024,"Lincoln","Nautilus","Reserve","Reserve","reserve","reserve","SUV","all wheel drive","all wheel drive",,"","",56250,54750,0,0,310,250,30,24,4517,4349,35.2,35.2,68.8,68.8
414,2025,"Lincoln","Nautilus","Black Label","Black Label","black label","black label","SUV","all wheel drive","all wheel drive",,"","",79130,77130,0,0,310,250,30,24,4517,4349,35.2,35.2,68.8,68.8
415,2025,"Lincoln","Nautilus","Premiere","Premiere","premiere","premiere","SUV","all wheel drive","all wheel drive",,"","",55940,53940,0,0,310,250,30,24,4517,4349,36.4,36.4,71.3,71.3
416,2025,"Lincoln","Nautilus","Reserve","Reserve","reserve","reserve","SUV","all wheel drive","all wheel drive",,"","",65180,63180,0,0,310,250,30,24,4517,4349,35.2,35.2,68.8,68.8
417,2026,"Lincoln","Nautilus","Black Label","Black Label","black label","black label","SUV","all wheel drive","all wheel drive",,"","",80660,77660,0,0,285,250,30,24,4517,4349,35.2,35.2,68.8,68.8
418,2026,"Lincoln","Nautilus","Premiere","Premiere","premiere","premiere","SUV","all wheel drive","all wheel drive",,"","",56995,53995,0,0,285,250,30,24,4517,4349,36.4,36.4,71.3,71.3
419,2026,"Lincoln","Nautilus","Reserve","Reserve","reserve","reserve","SUV","all wheel drive","all wheel drive",,"","",66595,63595,0,0,285,250,30,24,4517,4349,35.2,35.2,68.8,68.8
420,2025,"Mazda","CX-50","Hybrid Premium","2.5 S Premium","2 5 s premium","premium","SUV","all wheel drive","all wheel drive",,"","",37400,34200,0,0,219,187,38,28,4008,3741,29.2,31.4,56.3,56.3
421,2025,"Mazda","CX-50","Hybrid Preferred","2.5 S Preferred","2 5 s preferred","preferred","SUV","all wheel drive","all wheel drive",,"","",33970,31850,0,0,219,187,38,28,4008,3741,29.2,31.4,56.3,56.3
422,2026,"Mazda","CX-50","Hybrid Premium","2.5 S Premium","2 5 s premium","premium","SUV","all wheel drive","all wheel drive",,"","",38150,34900,0,0,219,187,38,26,4008,3741,29.2,31.4,56.3,56.3
423,2026,"Mazda","CX-50","Hybrid Preferred","2.5 S Preferred","2 5 s preferred","preferred","SUV","all wheel drive","all wheel drive",,"","",34750,32400,0,0,219,187,38,26,4008,3741,29.2,31.4,56.3,56.3
424,2013,"Mercedes-Benz","E-Class","E400 Hybrid","E350 Sport","e350 sport","e400","Sedan","rear wheel drive","rear wheel drive",,"","",55800,51000,0,0,302,302,26,23,4189,3825,15.9,15.9,,
425,2014,"Mercedes-Benz","E-Class","E400 Sport Hybrid","E350 Sport","e350 sport","e400 sport","Sedan","rear wheel drive","rear wheel drive",,"","",56700,51900,0,0,302,302,26,24,4409,4012,15.9,15.9,,
426,2015,"Mercedes-Benz","E-Class","E400 Sport Hybrid","E 350 Sport","e350 sport","e400 sport","Sedan","rear wheel drive","rear wheel drive",,"","",57100,52300,0,0,302,302,26,23,4255,4012,15.9,15.9,,
427,2016,"Nissan","Murano","Platinum","Platinum","platinum","platinum","SUV","front wheel drive","front wheel drive",,"","",42180,39180,0,0,250,260,29,24,4063,3891,32.1,32.1,67,67
428,2016,"Nissan","Murano","SL","SL","sl","sl","SUV","all wheel drive","all wheel drive",,"","",41730,38730,0,0,250,260,28,24,4145,3979,32.1,32.1,67,67
429,2016,"Nissan","Murano","Platinum","Platinum","platinum","platinum","SUV","all wheel drive","all wheel drive",,"","",43780,40780,0,0,250,260,28,24,4189,4021,32.1,32.1,67,67
430,2016,"Nissan","Murano","SL","SL","sl","sl","SUV","front wheel drive","front wheel drive",,"","",40130,37130,0,0,250,260,29,24,4021,3847,32.1,32.1,67,67
431,2014,"Nissan","Pathfinder","SV Hybrid","SV","sv","sv","SUV","four wheel drive","four wheel drive",,"","",36900,33900,0,0,250,260,26,21,4558,4312,16,16,79.8,79.8
432,2014,"Nissan","Pathfinder","Platinum Hybrid","Platinum","platinum","platinum","SUV","four wheel drive","four wheel drive",,"","",44550,41550,0,0,250,260,26,21,4714,4471,16,16,79.8,79.8
433,2014,"Nissan","Pathfinder","SL Hybrid","SL","sl","sl","SUV","front wheel drive","front wheel drive",,"","",38250,35250,0,0,250,260,26,22,4451,4205,16,16,79.8,79.8
434,2014,"Nissan","Pathfinder","SV Hybrid","SV","sv","sv","SUV","front wheel drive","front wheel drive",,"","",35300,32300,0,0,250,260,26,22,4417,4170,16,16,79.8,79.8
435,2014,"Nissan","Pathfinder","SL Hybrid","SL","sl","sl","SUV","four wheel drive","four wheel drive",,"","",39850,36850,0,0,250,260,26,21,4592,4346,16,16,79.8,79.8
436,2014,"Nissan","Pathfinder","Platinum Hybrid","Platinum","platinum","platinum","SUV","front wheel drive","front wheel drive",,"","",42950,39950,0,0,250,260,26,22,4573,4330,16,16,79.8,79.8
437,2017,"Nissan","Rogue","SL Hybrid","SL","sl","sl","SUV","all wheel drive","all wheel drive",,"","",32910,31710,0,0,176,170,33,27,3814,3627,27.3,32,61.4,70
438,2017,"Nissan","Rogue","SL Hybrid","SL","sl","sl","SUV","front wheel drive","front wheel drive",,"","",31560,30360,0,0,176,170,34,29,3693,3505,27.3,32,61.4,70
439,2017,"Nissan","Rogue","SV Hybrid","SV","sv","sv","SUV","all wheel drive","all wheel drive",,"","",27990,26990,0,0,176,170,33,27,3746,3571,27.3,32,61.4,70
440,2017,"Nissan","Rogue","SV Hybrid","SV","sv","sv","SUV","front wheel drive","front wheel drive",,"","",26640,25640,0,0,176,170,34,29,3624,3441,27.3,32,61.4,70
441,2018,"Nissan","Rogue","SV Hybrid","SV","sv","sv","SUV","front wheel drive","front wheel drive",,"","",27020,26020,0,0,176,170,34,29,3663,3488,27.3,32,61.4,70
442,2018,"Nissan","Rogue","SV Hybrid","SV","sv","sv","SUV","all wheel drive","all wheel drive",,"","",28370,27370,0,0,176,170,33,27,3784,3614,27.3,32,61.4,70
443,2018,"Nissan","Rogue","SL Hybrid","SL","sl","sl","SUV","front wheel drive","front wheel drive",,"","",32380,31180,0,0,176,170,34,29,3717,3541,27.3,32,61.4,70
444,2018,"Nissan","Rogue","SL Hybrid","SL","sl","sl","SUV","all wheel drive","all wheel drive",,"","",33730,32530,0,0,176,170,33,27,3818,3659,27.3,32,61.4,70
445,2019,"Nissan","Rogue","SV Hybrid","SV","sv","sv","SUV","all wheel drive","all wheel drive",,"","",29050,27790,0,0,176,170,33,27,3787,3614,27.3,39.3,61.4,70
446,2019,"Nissan","Rogue","SV Hybrid","SV","sv","sv","SUV","front wheel drive","front wheel drive",,"","",27700,26440,0,0,176,170,34,29,3666,3488,27.3,39.3,61.4,70
447,2012,"Porsche","Cayenne","S Hybrid","S","s","s","SUV","four wheel drive","four wheel drive",,"","",69000,65000,0,0,380,400,21,18,4938,4553,20.5,23.7,59.7,62.9
448,2013,"Porsche","Cayenne","S Hybrid","S","s","s","SUV","all wheel drive","all wheel drive",,"","",69850,65850,0,0,380,400,21,18,4938,4553,20.5,23.7,59.7,62.9
449,2014,"Porsche","Cayenne","S Hybrid","S","s","s","SUV","all wheel drive","all wheel drive",,"","",70900,66800,0,0,380,400,21,18,4938,4553,20.5,23.7,59.7,62.9
450,2025,"Subaru","Forester","Limited Hybrid","Limited","limited","limited","SUV","all wheel drive","all wheel drive",,"","",41010,37695,0,1600,194,180,35,29,3911,3613,,,,
451,2025,"Subaru","Forester","Touring Hybrid","Touring","touring","touring","SUV","all wheel drive","all wheel drive",,"","",43295,41595,0,0,194,180,35,28,3946,3664,27.5,27.5,69.1,69.1
452,2026,"Subaru","Forester","Limited Hybrid","Limited","limited","limited","SUV","all wheel drive","all wheel drive",,"","",38995,35995,0,1600,194,180,35,29,3911,3613,,,,
453,2026,"Subaru","Forester","Touring Hybrid","Touring","touring","touring","SUV","all wheel drive","all wheel drive",,"","",41545,39995,0,0,194,180,35,28,3946,3664,27.5,27.5,69.1,69.1
454,2025,"Toyota","4Runner","TRD Off-Road","TRD Off-Road","trd off road","trd off road","SUV","four wheel drive","four wheel drive",,"","",52490,49690,0,0,326,278,23,21,5225,4850,42.6,48.4,82.6,90.2
455,2025,"Toyota","4Runner","TRD Off-Road Premium","TRD Off-Road Premium","trd off road premium","trd off road premium","SUV","four wheel drive","four wheel drive",,"","",58270,55470,0,0,326,278,23,21,5225,4850,42.6,48.4,82.6,90.2
456,2025,"Toyota","4Runner","Limited","Limited","limited","limited","SUV","four wheel drive","four wheel drive",,"","",60700,57900,0,0,326,278,23,21,5370,4970,42.6,48.4,82.6,90.2
457,2026,"Toyota","4Runner","Limited","Limited","limited","limited","SUV","four wheel drive","four wheel drive",,"","",61300,58500,0,0,326,278,23,21,5370,4970,42.6,48.4,82.6,90.2
458,2026,"Toyota","4Runner","TRD Off-Road Premium","TRD Off-Road Premium","trd off road premium","trd off road premium","SUV","four wheel drive","four wheel drive",,"","",58870,56070,0,0,326,278,23,21,5225,4850,42.6,48.4,82.6,90.2
459,2026,"Toyota","4Runner","TRD Off-Road","TRD Off-Road","trd off road","trd off road","SUV","four wheel drive","four wheel drive",,"","",53090,50290,0,0,326,278,23,21,5225,4850,42.6,48.4,82.6,90.2
460,2013,"Toyota","Avalon","XLE Premium","XLE Premium","xle premium","xle premium","Sedan","front wheel drive","front wheel drive",,"","",35555,33195,0,0,200,268,40,25,3594,3461,14,16,,
461,2013,"Toyota","Avalon","XLE Touring","XLE Touring","xle touring","xle touring","Sedan","front wheel drive","front wheel drive",,"","",37250,35500,0,0,200,268,40,24,3594,3505,14,16,,
462,2013,"Toyota","Avalon","Limited","Limited","limited","limited","Sedan","front wheel drive","front wheel drive",,"","",41400,39650,0,0,200,268,40,24,3638,3538,14,16,,
463,2014,"Toyota","Avalon","XLE Premium","XLE Premium","xle premium","xle premium","Sedan","front wheel drive","front wheel drive",,"","",35805,33445,0,0,200,268,40,25,3594,3461,14,16,,
464,2014,"Toyota","Avalon","XLE Touring","XLE Touring","xle touring","xle touring","Sedan","front wheel drive","front wheel drive",,"","",37000,35250,0,0,200,268,40,24,3594,3505,14,16,,
465,2014,"Toyota","Avalon","Limited","Limited","limited","limited","Sedan","front wheel drive","front wheel drive",,"","",41650,39900,0,0,200,268,40,24,3638,3538,14,16,,
466,2015,"Toyota","Avalon","XLE Premium","XLE Premium","xle premium","xle premium","Sedan","front wheel drive","front wheel drive",,"","",36470,34140,0,0,200,268,40,24,3638,3505,14,16,,
467,2015,"Toyota","Avalon","XLE Touring","XLE Touring","xle touring","xle touring","Sedan","front wheel drive","front wheel drive",,"","",37800,36080,0,0,200,268,40,24,3638,3549,14,16,,
468,2015,"Toyota","Avalon","Limited","Limited","limited","limited","Sedan","front wheel drive","front wheel drive",,"","",41700,39980,0,0,200,268,40,24,3682,3583,14,16,,
469,2016,"Toyota","Avalon","XLE Premium","XLE Premium","xle premium","xle premium","Sedan","front wheel drive","front wheel drive",,"","",38100,35850,0,0,200,268,40,24,3594,3461,14,16,,
470,2016,"Toyota","Avalon","Limited","Limited","limited","limited","Sedan","front wheel drive","front wheel drive",,"","",41950,40450,0,0,200,268,40,24,3638,3538,14,16,,
471,2016,"Toyota","Avalon","XLE Plus","XLE Plus","xle plus","xle plus","Sedan","front wheel drive","front wheel drive",,"","",36650,34400,0,0,200,268,40,24,3594,3461,14,16,,
472,2017,"Toyota","Avalon","Limited","Limited","limited","limited","Sedan","front wheel drive","front wheel drive",,"","",42600,41100,0,0,200,268,40,24,3638,3538,14,16,,
473,2017,"Toyota","Avalon","XLE Premium","XLE Premium","xle premium","xle premium","Sedan","front wheel drive","front wheel drive",,"","",38750,36500,0,0,200,268,40,24,3594,3461,14,16,,
474,2017,"Toyota","Avalon","XLE Plus","XLE Plus","xle plus","xle plus","Sedan","front wheel drive","front wheel drive",,"","",37300,35050,0,0,200,268,40,24,3594,3461,14,16,,
475,2018,"Toyota","Avalon","XLE Plus","XLE Plus","xle plus","xle plus","Sedan","front wheel drive","front wheel drive",,"","",37500,35250,0,0,200,268,40,24,3594,3461,14,16,,
476,2018,"Toyota","Avalon","Limited","Limited","limited","limited","Sedan","front wheel drive","front wheel drive",,"","",42800,41300,0,0,200,268,40,24,3638,3538,14,16,,
477,2018,"Toyota","Avalon","XLE Premium","XLE Premium","xle premium","xle premium","Sedan","front wheel drive","front wheel drive",,"","",38950,36700,0,0,200,268,40,24,3594,3461,14,16,,
478,2019,"Toyota","Avalon","XLE","XLE","xle","xle","Sedan","front wheel drive","front wheel drive",,"","",36650,35650,0,0,215,301,44,26,3638,3560,16.1,16.1,,
479,2019,"Toyota","Avalon","XSE","XSE","xse","xse","Sedan","front wheel drive","front wheel drive",,"","",39150,38150,0,0,215,301,43,25,3671,3638,16.1,16.1,,
480,2019,"Toyota","Avalon","Limited","Limited","limited","limited","Sedan","front wheel drive","front wheel drive",,"","",42950,41950,0,0,215,301,43,25,3715,3660,16.1,16.1,,
481,2020,"Toyota","Avalon","Limited","Limited","limited","limited","Sedan","front wheel drive","front wheel drive",,"","",43300,42175,0,0,215,301,43,25,3715,3660,16.1,16.1,,
482,2020,"Toyota","Avalon","XLE","XLE","xle","xle","Sedan","front wheel drive","front wheel drive",,"","",37000,35875,0,0,215,301,44,26,3638,3560,16.1,16.1,,
483,2020,"Toyota","Avalon","XSE","XSE","xse","xse","Sedan","front wheel drive","front wheel drive",,"","",39500,38375,0,0,215,301,43,25,3671,3638,16.1,16.1,,
484,2021,"Toyota","Avalon","Limited","Limited","limited","limited","Sedan","front wheel drive","front wheel drive",,"","",43400,42425,0,0,215,301,43,25,3695,3695,16.1,16.1,,
485,2021,"Toyota","Avalon","XLE","XLE","xle","xle","Sedan","front wheel drive","front wheel drive",,"","",37100,36125,0,0,215,301,44,26,3610,3570,16.1,16.1,,
486,2022,"Toyota","Avalon","XLE","XLE","xle","xle","Sedan","front wheel drive","front wheel drive",,"","",37850,36825,0,0,215,301,44,26,3610,3570,16.1,16.1,,
487,2022,"Toyota","Avalon","Limited","Limited","limited","limited","Sedan","front wheel drive","front wheel drive",,"","",44150,43125,0,0,215,301,43,25,3695,3695,16.1,16.1,,
488,2012,"Toyota","Camry","LE","LE","le","le","Sedan","front wheel drive","front wheel drive",,"","",25990,22600,0,0,200,178,41,28,3435,3190,13.1,15.4,,
489,2012,"Toyota","Camry","XLE","XLE","xle","xle","Sedan","front wheel drive","front wheel drive",,"","",27500,24775,915,0,200,178,40,28,3525,3245,,,,
490,2013,"Toyota","Camry","XLE","XLE","xle","xle","Sedan","front wheel drive","front wheel drive",,"","",27670,24855,915,0,200,178,40,28,3525,3245,,,,
491,2013,"Toyota","Camry","LE","LE","le","le","Sedan","front wheel drive","front wheel drive",,"","",26140,22680,0,0,200,178,41,28,3435,3190,13.1,15.4,,
492,2014,"Toyota","Camry","LE","LE","le","le","Sedan","front wheel drive","front wheel drive",,"","",26330,22870,0,0,200,178,41,28,3435,3215,13.1,15.4,,
493,2014,"Toyota","Camry","XLE","XLE","xle","xle","Sedan","front wheel drive","front wheel drive",,"","",28625,25810,915,0,200,178,40,28,3525,3280,,,,
494,2015,"Toyota","Camry","XLE","XLE","xle","xle","Sedan","front wheel drive","front wheel drive",,"","",29980,26150,0,0,200,178,40,28,3585,3340,13.1,15.4,,
495,2015,"Toyota","Camry","LE","LE","le","le","Sedan","front wheel drive","front wheel drive",,"","",26790,22970,0,0,200,178,41,28,3485,3240,13.1,15.4,,
496,2015,"Toyota","Camry","SE","SE","se","se","Sedan","front wheel drive","front wheel drive",,"","",27995,23840,0,0,200,178,40,28,3565,3300,13.1,15.4,,
497,2016,"Toyota","Camry","SE","SE","se","se","Sedan","front wheel drive","front wheel drive",,"","",27995,23840,0,0,200,178,40,28,3565,3300,13.1,15.4,,
498,2016,"Toyota","Camry","LE","LE","le","le","Sedan","front wheel drive","front wheel drive",,"","",26790,23070,0,0,200,178,41,28,3485,3240,13.1,15.4,,
499,2016,"Toyota","Camry","XLE","XLE","xle","xle","Sedan","front wheel drive","front wheel drive",,"","",30140,26310,0,0,200,178,40,28,3585,3340,13.1,15.4,,
500,2017,"Toyota","Camry","SE","SE","se","se","Sedan","front wheel drive","front wheel drive",,"","",27995,23840,0,0,200,178,38,27,3565,3300,13.1,15.4,,
501,2017,"Toyota","Camry","XLE","XLE","xle","xle","Sedan","front wheel drive","front wheel drive",,"","",30140,26310,0,0,200,178,38,27,3585,3340,13.1,15.4,,
502,2017,"Toyota","Camry","LE","LE","le","le","Sedan","front wheel drive","front wheel drive",,"","",26790,23070,0,0,200,178,40,27,3485,3240,13.1,15.4,,
503,2018,"Toyota","Camry","LE","LE","le","le","Sedan","front wheel drive","front wheel drive",,"","",27950,24150,0,0,208,203,52,32,3472,3296,15.1,15.1,,
504,2018,"Toyota","Camry","XLE","XLE","xle","xle","Sedan","front wheel drive","front wheel drive",,"","",32400,28600,0,0,208,203,46,32,3571,3351,15.1,15.1,,
505,2018,"Toyota","Camry","SE","SE","se","se","Sedan","front wheel drive","front wheel drive",,"","",29650,25350,0,0,208,203,46,32,3549,3340,15.1,15.1,,
506,2019,"Toyota","Camry","XLE","XLE","xle","xle","Sedan","front wheel drive","front wheel drive",,"","",32975,29175,0,0,208,203,46,32,3571,3351,15.1,15.1,,
507,2019,"Toyota","Camry","LE","LE","le","le","Sedan","front wheel drive","front wheel drive",,"","",28400,24600,0,0,208,203,52,32,3472,3296,15.1,15.1,,
508,2019,"Toyota","Camry","SE","SE","se","se","Sedan","front wheel drive","front wheel drive",,"","",30100,25800,0,0,208,203,46,32,3549,3340,15.1,15.1,,
509,2020,"Toyota","Camry","SE","SE","se","se","Sedan","front wheel drive","front wheel drive",,"","",30130,26170,0,0,208,203,46,32,3549,3340,15.1,15.1,,
510,2020,"Toyota","Camry","XLE","XLE","xle","xle","Sedan","front wheel drive","front wheel drive",,"","",32730,29455,0,0,208,203,46,31,3572,3351,15.1,15.1,,
511,2020,"Toyota","Camry","LE","LE","le","le","Sedan","front wheel drive","front wheel drive",,"","",28430,24970,0,0,208,203,52,32,3472,3296,15.1,15.1,,
512,2021,"Toyota","Camry","LE","LE","le","le","Sedan","front wheel drive","front wheel drive",,"","",27270,25045,0,0,208,203,52,32,3480,3310,15.1,15.1,,
513,2021,"Toyota","Camry","XLE","XLE","xle","xle","Sedan","front wheel drive","front wheel drive",,"","",32170,29945,0,0,208,203,46,31,3580,3380,15.1,15.1,,
514,2021,"Toyota","Camry","SE","SE","se","se","Sedan","front wheel drive","front wheel drive",,"","",28785,26560,0,0,208,203,46,32,3535,3340,15.1,15.1,,
515,2021,"Toyota","Camry","XSE","XSE","xse","xse","Sedan","front wheel drive","front wheel drive",,"","",32720,30495,0,0,208,206,46,31,3565,3425,15.1,15.1,,
516,2022,"Toyota","Camry","XSE","XSE","xse","xse","Sedan","front wheel drive","front wheel drive",,"","",33420,31145,0,0,208,206,46,31,3580,3425,15.1,15.1,,
517,2022,"Toyota","Camry","SE","SE","se","se","Sedan","front wheel drive","front wheel drive",,"","",29515,27385,0,0,208,203,46,32,3535,3340,15.1,15.1,,
518,2022,"Toyota","Camry","LE","LE","le","le","Sedan","front wheel drive","front wheel drive",,"","",27980,25845,0,0,208,203,52,32,3480,3310,15.1,15.1,,
519,2022,"Toyota","Camry","XLE","XLE","xle","xle","Sedan","front wheel drive","front wheel drive",,"","",32870,30595,0,0,208,203,46,31,3565,3380,15.1,15.1,,
520,2023,"Toyota","Camry","XSE","XSE","xse","xse","Sedan","front wheel drive","front wheel drive",,"","",34095,31620,0,0,208,206,46,31,3580,3425,15.1,15.1,,
521,2023,"Toyota","Camry","LE","LE","le","le","Sedan","front wheel drive","front wheel drive",,"","",28655,26320,0,0,208,203,52,32,3480,3310,15.1,15.1,,
522,2023,"Toyota","Camry","XLE","XLE","xle","xle","Sedan","front wheel drive","front wheel drive",,"","",33545,31070,0,0,208,203,46,31,3565,3380,15.1,15.1,,
523,2023,"Toyota","Camry","SE","SE","se","se","Sedan","front wheel drive","front wheel drive",,"","",30190,27860,0,0,208,203,46,32,3535,3340,15.1,15.1,,
524,2024,"Toyota","Camry","LE","LE","le","le","Sedan","front wheel drive","front wheel drive",,"","",28855,26420,0,0,208,203,52,32,3480,3310,15.1,15.1,,
525,2024,"Toyota","Camry","SE","SE","se","se","Sedan","front wheel drive","front wheel drive",,"","",30390,27960,0,0,208,203,46,32,3535,3340,15.1,15.1,,
526,2024,"Toyota","Camry","XLE","XLE","xle","xle","Sedan","front wheel drive","front wheel drive",,"","",33745,31170,0,0,208,203,46,31,3565,3380,15.1,15.1,,
527,2024,"Toyota","Camry","XSE","XSE","xse","xse","Sedan","front wheel drive","front wheel drive",,"","",34295,31720,0,0,208,206,46,31,3580,3425,15.1,15.1,,
528,2020,"Toyota","Corolla","LE","LE","le","le","Sedan","front wheel drive","front wheel drive",,"","",23100,20050,0,0,121,139,52,33,2850,2955,13.1,13.1,,
529,2021,"Toyota","Corolla","LE","LE","le","le","Sedan","front wheel drive","front wheel drive",,"","",23600,20475,0,0,121,139,52,33,2850,2955,13.1,13.1,,
530,2022,"Toyota","Corolla","LE","LE","le","le","Sedan","front wheel drive","front wheel drive",,"","",24050,20875,0,0,121,139,52,33,2850,2955,13.1,13.1,,
531,2023,"Toyota","Corolla","LE","LE","le","le","Sedan","front wheel drive","front wheel drive",,"","",23050,21700,0,0,134,169,50,35,2850,2955,13.1,13.1,,
532,2023,"Toyota","Corolla","SE","SE","se","se","Sedan","front wheel drive","front wheel drive",,"","",25490,24140,0,0,134,169,47,34,2850,3110,13.1,13.1,,
533,2024,"Toyota","Corolla","LE","LE","le","le","Sedan","front wheel drive","front wheel drive",,"","",23500,22050,0,0,138,169,50,35,2850,2955,13.1,13.1,,
534,2024,"Toyota","Corolla","SE","SE","se","se","Sedan","front wheel drive","front wheel drive",,"","",25940,24490,0,0,138,169,47,34,3140,3110,13.1,13.1,,
535,2024,"Toyota","Corolla","Nightshade","Nightshade","nightshade","nightshade","Sedan","front wheel drive","front wheel drive",,"","",26940,25490,0,0,138,169,47,34,3140,3110,13.1,13.1,,
536,2025,"Toyota","Corolla","LE","LE","le","le","Sedan","front wheel drive","front wheel drive",,"","",23825,22325,0,0,138,169,47,35,2850,2955,13.1,13.1,,
537,2025,"Toyota","Corolla","SE","SE","se","se","Sedan","front wheel drive","front wheel drive",,"","",26265,24765,0,0,138,169,47,34,3140,3110,13.1,13.1,,
538,2026,"Toyota","Corolla","LE","LE","le","le","Sedan","front wheel drive","front wheel drive",,"","",24975,23125,0,0,138,169,50,35,2850,2955,13.1,13.1,,
539,2026,"Toyota","Corolla","SE","SE","se","se","Sedan","front wheel drive","front wheel drive",,"","",27415,25565,0,0,138,169,47,34,3140,3110,13.1,13.1,,
540,2023,"Toyota","Corolla Cross","S","L","l","s","SUV","all wheel drive","all wheel drive",,"","",27970,24910,0,0,196,169,42,30,3395,3295,21.5,25.2,61.8,
541,2023,"Toyota","Corolla Cross","SE","LE","le","se","SUV","all wheel drive","all wheel drive",,"","",29290,27240,0,0,196,169,42,30,3385,3285,21.5,25.2,61.8,
542,2023,"Toyota","Corolla Cross","XSE","XLE","xle","xse","SUV","all wheel drive","all wheel drive",,"","",31065,29015,0,0,196,169,42,30,3430,3325,21.5,25.2,61.8,
543,2024,"Toyota","Corolla Cross","XSE","XLE","xle","xse","SUV","all wheel drive","all wheel drive",,"","",31405,29385,0,0,196,169,42,30,3430,3325,21.5,25.2,61.8,
544,2024,"Toyota","Corolla Cross","S","L","l","s","SUV","all wheel drive","all wheel drive",,"","",28220,25160,0,0,196,169,42,30,3395,3295,21.5,25.2,61.8,
545,2024,"Toyota","Corolla Cross","SE","LE","le","se","SUV","all wheel drive","all wheel drive",,"","",29540,27490,0,0,196,169,42,30,3385,3285,21.5,25.2,61.8,
546,2025,"Toyota","Corolla Cross","S","L","l","s","SUV","all wheel drive","all wheel drive",,"","",28495,25435,0,0,196,169,42,30,3340,3274,21.5,21.5,61.8,
547,2025,"Toyota","Corolla Cross","SE","LE","le","se","SUV","all wheel drive","all wheel drive",,"","",29815,27765,0,0,196,169,42,30,3329,3263,21.5,21.5,61.8,
548,2025,"Toyota","Corolla Cross","XSE","XLE","xle","xse","SUV","all wheel drive","all wheel drive",,"","",31680,29660,0,0,196,169,42,30,3373,3296,21.5,21.5,61.8,
549,2026,"Toyota","Corolla Cross","XSE","XLE","xle","xse","SUV","all wheel drive","all wheel drive",,"","",33430,31410,0,0,196,169,42,30,3373,3296,21.5,21.5,61.8,
550,2026,"Toyota","Corolla Cross","S","L","l","s","SUV","all wheel drive","all wheel drive",,"","",29395,26335,0,0,196,169,42,30,3340,3274,21.5,21.5,61.8,
551,2026,"Toyota","Corolla Cross","SE","LE","le","se","SUV","all wheel drive","all wheel drive",,"","",30715,28665,0,0,196,169,42,30,3329,3263,21.5,21.5,61.8,
552,2024,"Toyota","Grand Highlander","XLE","XLE","xle","xle","SUV","front wheel drive","front wheel drive",,"","",45020,43320,0,0,245,265,36,24,4455,4300,20.6,20.6,97.5,97.5
553,2024,"Toyota","Grand Highlander","XLE","XLE","xle","xle","SUV","all wheel drive","all wheel drive",,"","",46620,44920,0,0,245,265,34,23,4575,4455,20.6,20.6,97.5,97.5
554,2024,"Toyota","Grand Highlander","Limited","Limited","limited","limited","SUV","all wheel drive","all wheel drive",,"","",51410,49710,0,0,245,265,34,22,4710,4575,20.6,20.6,97.5,97.5
555,2025,"Toyota","Grand Highlander","Limited","Limited","limited","limited","SUV","all wheel drive","all wheel drive",,"","",51710,49960,0,0,245,265,34,22,4620,4485,20.6,20.6,97.5,97.5
556,2025,"Toyota","Grand Highlander","XLE","XLE","xle","xle","SUV","all wheel drive","all wheel drive",,"","",46980,45230,0,0,245,265,34,23,4565,4440,20.6,20.6,97.5,97.5
557,2025,"Toyota","Grand Highlander","XLE","XLE","xle","xle","SUV","front wheel drive","front wheel drive",,"","",45380,43630,0,0,245,265,36,24,4465,4290,20.6,20.6,97.5,97.5
558,2025,"Toyota","Grand Highlander","LE","LE","le","le","SUV","all wheel drive","all wheel drive",,"","",44210,42460,0,0,245,265,36,23,4565,4440,20.6,20.6,97.5,97.5
559,2026,"Toyota","Grand Highlander","XLE","XLE","xle","xle","SUV","front wheel drive","front wheel drive",,"","",46380,44630,0,0,245,265,36,24,4465,4290,20.6,20.6,97.5,97.5
560,2026,"Toyota","Grand Highlander","LE","LE","le","le","SUV","all wheel drive","all wheel drive",,"","",45210,43460,0,0,245,265,34,23,4565,4440,20.6,20.6,97.5,97.5
561,2026,"Toyota","Grand Highlander","XLE","XLE","xle","xle","SUV","all wheel drive","all wheel drive",,"","",47980,46230,0,0,245,265,34,23,4565,4440,20.6,20.6,97.5,97.5
562,2026,"Toyota","Grand Highlander","Limited","Limited","limited","limited","SUV","all wheel drive","all wheel drive",,"","",52710,50960,0,0,245,265,34,22,4620,4485,20.6,20.6,97.5,97.5
563,2012,"Toyota","Highlander","Limited","Limited","limited","limited","SUV","all wheel drive","all wheel drive",,"","",44370,37195,0,0,280,270,28,19,4762,4464,10.3,10.3,94.1,95.4
564,2013,"Toyota","Highlander","Limited","Limited","limited","limited","SUV","all wheel drive","all wheel drive",,"","",46370,39400,0,0,280,270,28,19,4762,4464,10.3,10.3,94.1,95.4
565,2014,"Toyota","Highlander","Limited Platinum","Limited Platinum","limited platinum","limited platinum","SUV","all wheel drive","all wheel drive",,"","",49790,43590,0,0,280,270,28,20,4861,4509,13.6,13.6,83.2,83.2
566,2014,"Toyota","Highlander","Limited","Limited","limited","limited","SUV","all wheel drive","all wheel drive",,"","",47300,41100,0,0,280,270,28,20,4861,4509,13.8,13.8,83.2,83.2
567,2015,"Toyota","Highlander","Limited","Limited","limited","limited","SUV","all wheel drive","all wheel drive",,"","",47850,41650,0,0,280,270,28,20,4861,4508,13.8,13.8,83.2,83.2
568,2015,"Toyota","Highlander","Limited Platinum","Limited Platinum","limited platinum","limited platinum","SUV","all wheel drive","all wheel drive",,"","",50340,44140,0,0,280,270,28,20,4861,4508,13.8,13.8,83.2,83.2
569,2016,"Toyota","Highlander","Limited","Limited","limited","limited","SUV","all wheel drive","all wheel drive",,"","",47870,42375,0,0,280,270,28,20,4861,4508,13.8,13.8,83.2,83.2
570,2016,"Toyota","Highlander","Limited Platinum","Limited Platinum","limited platinum","limited platinum","SUV","all wheel drive","all wheel drive",,"","",50485,44990,0,0,280,270,28,20,4861,4508,13.8,13.8,82.6,82.6
571,2017,"Toyota","Highlander","Limited Platinum","Limited Platinum","limited platinum","limited platinum","SUV","all wheel drive","all wheel drive",,"","",47880,46260,0,0,306,295,28,22,4965,4508,13.6,13.8,78.6,82.6
572,2017,"Toyota","Highlander","LE","LE","le","le","SUV","all wheel drive","all wheel drive",,"","",36270,34140,0,0,306,295,29,23,4825,4398,13.8,13.8,83.7,83.7
573,2017,"Toyota","Highlander","XLE","XLE","xle","xle","SUV","all wheel drive","all wheel drive",,"","",41330,39980,0,0,306,295,28,22,4910,4464,13.8,13.8,83.7,83.2
574,2017,"Toyota","Highlander","Limited","Limited","limited","limited","SUV","all wheel drive","all wheel drive",,"","",44760,43140,0,0,306,295,28,22,4965,4508,13.8,13.8,83.2,83.2
575,2018,"Toyota","Highlander","Limited","Limited","limited","limited","SUV","all wheel drive","all wheel drive",,"","",45360,43740,0,0,306,295,28,22,4861,4508,13.8,13.8,83.2,83.2
576,2018,"Toyota","Highlander","Limited Platinum","Limited Platinum","limited platinum","limited platinum","SUV","all wheel drive","all wheel drive",,"","",48480,46860,0,0,306,295,28,22,4861,4508,13.6,13.8,83.2,82.6
577,2018,"Toyota","Highlander","XLE","XLE","xle","xle","SUV","all wheel drive","all wheel drive",,"","",41930,40580,0,0,306,295,28,22,4464,4464,13.8,13.8,83.7,83.2
578,2018,"Toyota","Highlander","LE","LE","le","le","SUV","all wheel drive","all wheel drive",,"","",36870,34740,0,0,306,295,29,22,4398,4398,13.8,13.8,83.7,83.7
579,2019,"Toyota","Highlander","Limited","Limited","limited","limited","SUV","all wheel drive","all wheel drive",,"","",46060,44390,0,0,306,295,28,22,4861,4508,13.8,13.8,83.2,83.2
580,2019,"Toyota","Highlander","Limited Platinum","Limited Platinum","limited platinum","limited platinum","SUV","all wheel drive","all wheel drive",,"","",49180,47510,0,0,306,295,28,22,4861,4508,13.6,13.6,83.2,78.6
581,2019,"Toyota","Highlander","XLE","XLE","xle","xle","SUV","all wheel drive","all wheel drive",,"","",42580,41180,0,0,306,295,28,22,4464,4464,13.8,13.8,83.7,83.2
582,2019,"Toyota","Highlander","LE","LE","le","le","SUV","all wheel drive","all wheel drive",,"","",37520,35340,0,0,306,295,29,22,4398,4398,13.8,13.8,83.7,83.7
583,2020,"Toyota","Highlander","LE","LE","le","le","SUV","front wheel drive","front wheel drive",,"","",38200,36800,0,0,243,295,36,24,4330,4145,16,16,84.3,84.3
584,2020,"Toyota","Highlander","Platinum","Platinum","platinum","platinum","SUV","front wheel drive","front wheel drive",,"","",48250,46850,0,0,243,295,36,24,4430,4260,16,16,84.3,84.3
585,2020,"Toyota","Highlander","XLE","XLE","xle","xle","SUV","front wheel drive","front wheel drive",,"","",41000,39600,0,0,243,295,36,24,4365,4195,16,16,84.3,84.3
586,2020,"Toyota","Highlander","Limited","Limited","limited","limited","SUV","front wheel drive","front wheel drive",,"","",45050,43650,0,0,243,295,36,24,4430,4260,16,16,84.3,84.3
587,2020,"Toyota","Highlander","Limited","Limited","limited","limited","SUV","all wheel drive","all wheel drive",,"","",47000,45600,0,0,243,295,35,23,4595,4450,16,16,84.3,84.3
588,2020,"Toyota","Highlander","XLE","XLE","xle","xle","SUV","all wheel drive","all wheel drive",,"","",42600,41200,0,0,243,295,35,23,4515,4370,16,16,84.3,84.3
589,2020,"Toyota","Highlander","Platinum","Platinum","platinum","platinum","SUV","all wheel drive","all wheel drive",,"","",50200,48800,0,0,243,295,35,23,4595,4450,16,16,84.3,84.3
590,2020,"Toyota","Highlander","LE","LE","le","le","SUV","all wheel drive","all wheel drive",,"","",39800,38400,0,0,243,295,35,23,4465,4330,16,16,84.3,84.3
591,2021,"Toyota","Highlander","Limited","Limited","limited","limited","SUV","all wheel drive","all wheel drive",,"","",47440,45990,0,0,243,295,35,23,4595,4450,16,16,84.3,84.3
592,2021,"Toyota","Highlander","Limited","Limited","limited","limited","SUV","front wheel drive","front wheel drive",,"","",45490,44040,0,0,243,295,36,24,4430,4260,16,16,84.3,84.3
593,2021,"Toyota","Highlander","XLE","XLE","xle","xle","SUV","front wheel drive","front wheel drive",,"","",41535,40085,0,0,243,295,36,24,4365,4195,16,16,84.3,84.3
594,2021,"Toyota","Highlander","LE","LE","le","le","SUV","all wheel drive","all wheel drive",,"","",40335,38885,0,0,243,295,35,23,4465,4330,16,16,84.3,84.3
595,2021,"Toyota","Highlander","Platinum","Platinum","platinum","platinum","SUV","all wheel drive","all wheel drive",,"","",50640,49190,0,0,243,295,35,23,4595,4450,16,16,84.3,84.3
596,2021,"Toyota","Highlander","XLE","XLE","xle","xle","SUV","all wheel drive","all wheel drive",,"","",43135,41685,0,0,243,295,35,23,4515,4370,16,16,84.3,84.3
597,2021,"Toyota","Highlander","Platinum","Platinum","platinum","platinum","SUV","front wheel drive","front wheel drive",,"","",48690,47240,0,0,243,295,36,24,4430,4260,16,16,84.3,84.3
598,2021,"Toyota","Highlander","LE","LE","le","le","SUV","front wheel drive","front wheel drive",,"","",38735,37285,0,0,243,295,36,24,4330,4145,16,16,84.3,84.3
599,2022,"Toyota","Highlander","Limited","Limited","limited","limited","SUV","all wheel drive","all wheel drive",,"","",48460,46960,0,0,243,295,35,23,4595,4450,16,16,84.3,84.3
600,2022,"Toyota","Highlander","XLE","XLE","xle","xle","SUV","all wheel drive","all wheel drive",,"","",44155,42655,0,0,243,295,35,23,4515,4370,16,16,84.3,84.3
601,2022,"Toyota","Highlander","Platinum","Platinum","platinum","platinum","SUV","front wheel drive","front wheel drive",,"","",49510,48010,0,0,243,295,36,24,4430,4260,16,16,84.3,84.3
602,2022,"Toyota","Highlander","LE","LE","le","le","SUV","front wheel drive","front wheel drive",,"","",39555,38055,0,0,243,295,36,24,4330,4145,16,16,84.3,84.3
603,2022,"Toyota","Highlander","Limited","Limited","limited","limited","SUV","front wheel drive","front wheel drive",,"","",46510,45010,0,0,243,295,36,24,4430,4260,16,16,84.3,84.3
604,2022,"Toyota","Highlander","XLE","XLE","xle","xle","SUV","front wheel drive","front wheel drive",,"","",42555,41055,0,0,243,295,36,24,4365,4195,16,16,84.3,84.3
605,2022,"Toyota","Highlander","LE","LE","le","le","SUV","all wheel drive","all wheel drive",,"","",41155,39655,0,0,243,295,35,23,4465,4330,16,16,84.3,84.3
606,2022,"Toyota","Highlander","Platinum","Platinum","platinum","platinum","SUV","all wheel drive","all wheel drive",,"","",51460,49960,0,0,243,295,35,23,4595,4450,16,16,84.3,84.3
607,2023,"Toyota","Highlander","LE","LE","le","le","SUV","front wheel drive","front wheel drive",,"","",40620,39020,0,0,243,265,36,25,4330,4155,16,16,84.3,84.3
608,2023,"Toyota","Highlander","XLE","XLE","xle","xle","SUV","front wheel drive","front wheel drive",,"","",43620,42020,0,0,243,265,36,25,4365,4199,16,16,84.3,84.3
609,2023,"Toyota","Highlander","LE","LE","le","le","SUV","all wheel drive","all wheel drive",,"","",42220,40620,0,0,243,265,35,24,4465,4332,16,16,84.3,84.3
610,2023,"Toyota","Highlander","Platinum","Platinum","platinum","platinum","SUV","all wheel drive","all wheel drive",,"","",53025,51425,0,0,243,265,35,24,4595,4453,16,16,84.3,84.3
611,2023,"Toyota","Highlander","XLE","XLE","xle","xle","SUV","all wheel drive","all wheel drive",,"","",45220,43620,0,0,243,265,35,24,4515,4376,16,16,84.3,84.3
612,2023,"Toyota","Highlander","Platinum","Platinum","platinum","platinum","SUV","front wheel drive","front wheel drive",,"","",51075,49475,0,0,243,265,36,25,4430,4265,16,16,84.3,84.3
613,2023,"Toyota","Highlander","Limited","Limited","limited","limited","SUV","front wheel drive","front wheel drive",,"","",47875,46275,0,0,243,265,36,25,4430,4265,16,16,84.3,84.3
614,2023,"Toyota","Highlander","Limited","Limited","limited","limited","SUV","all wheel drive","all wheel drive",,"","",49825,48225,0,0,243,265,35,24,4595,4453,16,16,84.3,84.3
615,2024,"Toyota","Highlander","XLE","XLE","xle","xle","SUV","front wheel drive","front wheel drive",,"","",44120,42420,0,0,243,265,36,25,4365,4199,16,16,84.3,84.3
616,2024,"Toyota","Highlander","LE","LE","le","le","SUV","front wheel drive","front wheel drive",,"","",40970,39270,0,0,243,265,36,25,4330,4155,16,16,84.3,84.3
617,2024,"Toyota","Highlander","Limited","Limited","limited","limited","SUV","front wheel drive","front wheel drive",,"","",48225,46525,0,0,243,265,36,25,4430,4265,16,16,84.3,84.3
618,2024,"Toyota","Highlander","Platinum","Platinum","platinum","platinum","SUV","front wheel drive","front wheel drive",,"","",51425,49725,0,0,243,265,36,25,4430,4265,16,16,84.3,84.3
619,2024,"Toyota","Highlander","Limited","Limited","limited","limited","SUV","all wheel drive","all wheel drive",,"","",50175,48475,0,0,243,265,35,24,4595,4453,16,16,84.3,84.3
620,2024,"Toyota","Highlander","Platinum","Platinum","platinum","platinum","SUV","all wheel drive","all wheel drive",,"","",53375,51675,0,0,243,265,35,24,4595,4453,16,16,84.3,84.3
621,2024,"Toyota","Highlander","LE","LE","le","le","SUV","all wheel drive","all wheel drive",,"","",42570,40870,0,0,243,265,35,24,4465,4332,16,16,84.3,84.3
622,2024,"Toyota","Highlander","XLE","XLE","xle","xle","SUV","all wheel drive","all wheel drive",,"","",45720,44020,0,0,243,265,35,24,4515,4376,16,16,84.3,84.3
623,2025,"Toyota","Highlander","XLE","XLE","xle","xle","SUV","all wheel drive","all wheel drive",,"","",46820,45070,0,0,243,265,35,24,4515,4376,16,16,84.3,84.3
624,2025,"Toyota","Highlander","Platinum","Platinum","platinum","platinum","SUV","all wheel drive","all wheel drive",,"","",54475,52725,0,0,243,265,35,24,4595,4453,16,16,84.3,84.3
625,2025,"Toyota","Highlander","Limited","Limited","limited","limited","SUV","all wheel drive","all wheel drive",,"","",51275,49525,0,0,243,265,35,24,4595,4453,16,16,84.3,84.3
626,2026,"Toyota","Highlander","XLE","XLE","xle","xle","SUV","all wheel drive","all wheel drive",,"","",47620,45870,0,0,243,265,35,24,4515,4376,16,16,84.3,84.3
627,2026,"Toyota","Highlander","Platinum","Platinum","platinum","platinum","SUV","all wheel drive","all wheel drive",,"","",55275,53525,0,0,243,265,35,24,4595,4453,16,16,84.3,84.3
628,2026,"Toyota","Highlander","Limited","Limited","limited","limited","SUV","all wheel drive","all wheel drive",,"","",52075,50325,0,0,243,265,35,24,4595,4453,16,16,84.3,84.3
629,2016,"Toyota","RAV4","Limited","Limited","limited","limited","SUV","all wheel drive","all wheel drive",,"","",33610,32910,0,0,194,176,33,25,3950,3630,35.6,38.4,70.6,73.4
630,2016,"Toyota","RAV4","XLE","XLE","xle","xle","SUV","all wheel drive","all wheel drive",,"","",28370,27670,0,0,194,176,33,25,3925,3605,35.6,38.4,70.6,73.4
631,2017,"Toyota","RAV4","Limited","Limited","limited","limited","SUV","all wheel drive","all wheel drive",,"","",34030,32305,0,0,194,176,32,24,3950,3630,35.6,38.4,70.6,73.4
632,2017,"Toyota","RAV4","XLE","XLE","xle","xle","SUV","all wheel drive","all wheel drive",,"","",29030,26900,0,0,194,176,32,25,3925,3605,35.6,38.4,70.6,73.4
633,2017,"Toyota","RAV4","SE","SE","se","se","SUV","all wheel drive","all wheel drive",,"","",32185,30190,0,0,194,176,32,25,3950,3630,35.6,38.4,70.6,73.4
634,2018,"Toyota","RAV4","XLE","XLE","xle","xle","SUV","all wheel drive","all wheel drive",,"","",29280,27150,0,0,194,176,32,25,3925,3605,35.6,38.4,70.6,73.4
635,2018,"Toyota","RAV4","Limited","Limited","limited","limited","SUV","all wheel drive","all wheel drive",,"","",34280,32555,0,0,194,176,32,24,3950,3630,35.6,38.4,70.6,73.4
636,2018,"Toyota","RAV4","LE","LE","le","le","SUV","all wheel drive","all wheel drive",,"","",27385,26060,0,0,194,176,32,25,3925,3570,35.6,38.4,70.6,73.4
637,2019,"Toyota","RAV4","LE","LE","le","le","SUV","all wheel drive","all wheel drive",,"","",27850,27050,0,0,219,203,39,30,3710,3490,37.6,37.6,69.8,69.8
638,2019,"Toyota","RAV4","XLE","XLE","xle","xle","SUV","all wheel drive","all wheel drive",,"","",29650,28850,0,0,219,203,39,28,3755,3490,37.5,37.5,69.8,69.8
639,2019,"Toyota","RAV4","Limited","Limited","limited","limited","SUV","all wheel drive","all wheel drive",,"","",35850,35050,0,0,219,203,39,28,3800,3620,37.5,37.5,69.8,69.8
640,2020,"Toyota","RAV4","Limited","Limited","limited","limited","SUV","all wheel drive","all wheel drive",,"","",36880,35880,0,0,219,203,40,28,3800,3620,37.6,37.5,69.8,69.8
641,2020,"Toyota","RAV4","XLE","XLE","xle","xle","SUV","all wheel drive","all wheel drive",,"","",29645,28645,0,0,219,203,40,29,3755,3490,37.6,37.5,69.8,69.8
642,2020,"Toyota","RAV4","LE","LE","le","le","SUV","all wheel drive","all wheel drive",,"","",28350,27350,0,0,219,203,40,30,3710,3490,37.6,37.6,69.8,69.8
643,2021,"Toyota","RAV4","XLE","XLE","xle","xle","SUV","all wheel drive","all wheel drive",,"","",30195,29045,0,0,219,203,40,29,3775,3490,37.5,37.5,69.8,69.8
644,2021,"Toyota","RAV4","Limited","Limited","limited","limited","SUV","all wheel drive","all wheel drive",,"","",37430,36280,0,0,219,203,40,28,3780,3620,37.6,37.5,69.8,69.8
645,2021,"Toyota","RAV4","LE","LE","le","le","SUV","all wheel drive","all wheel drive",,"","",28900,27750,0,0,219,203,40,30,3690,3490,37.6,37.6,69.8,69.8
646,2021,"Toyota","RAV4","XLE Premium","XLE Premium","xle premium","xle premium","SUV","all wheel drive","all wheel drive",,"","",32900,31750,0,0,219,203,40,29,3755,3490,37.5,37.5,69.8,69.8
647,2022,"Toyota","RAV4","XLE","XLE","xle","xle","SUV","all wheel drive","all wheel drive",,"","",31045,29845,0,0,219,203,40,29,3775,3560,37.5,37.5,69.8,69.8
648,2022,"Toyota","RAV4","Limited","Limited","limited","limited","SUV","all wheel drive","all wheel drive",,"","",38075,36875,0,0,219,203,40,28,3805,3690,37.5,37.5,69.8,69.8
649,2022,"Toyota","RAV4","LE","LE","le","le","SUV","all wheel drive","all wheel drive",,"","",29575,28375,0,0,219,203,40,30,3710,3510,37.6,37.6,69.8,69.8
650,2022,"Toyota","RAV4","XLE Premium","XLE Premium","xle premium","xle premium","SUV","all wheel drive","all wheel drive",,"","",33935,32735,0,0,219,203,40,29,3755,3560,37.5,37.5,69.8,69.8
651,2023,"Toyota","RAV4","LE","LE","le","le","SUV","all wheel drive","all wheel drive",,"","",31225,29675,0,0,219,203,40,30,3710,3510,37.6,37.6,69.8,69.8
652,2023,"Toyota","RAV4","Limited","Limited","limited","limited","SUV","all wheel drive","all wheel drive",,"","",39530,37980,0,0,219,203,40,28,3805,3690,37.5,37.5,69.8,69.8
653,2023,"Toyota","RAV4","XLE Premium","XLE Premium","xle premium","xle premium","SUV","all wheel drive","all wheel drive",,"","",35625,34075,0,0,219,203,40,29,3755,3560,37.5,37.5,69.8,69.8
654,2023,"Toyota","RAV4","XLE","XLE","xle","xle","SUV","all wheel drive","all wheel drive",,"","",32735,31185,0,0,219,203,40,29,3775,3560,37.5,37.5,69.8,69.8
655,2024,"Toyota","RAV4","LE","LE","le","le","SUV","all wheel drive","all wheel drive",,"","",31725,30075,0,0,219,203,39,30,3710,3490,37.6,37.6,69.8,69.8
656,2024,"Toyota","RAV4","XLE","XLE","xle","xle","SUV","all wheel drive","all wheel drive",,"","",33235,31585,0,0,219,203,39,29,3775,3515,37.5,37.5,69.8,69.8
657,2024,"Toyota","RAV4","XLE Premium","XLE Premium","xle premium","xle premium","SUV","all wheel drive","all wheel drive",,"","",36125,34475,0,0,219,203,39,29,3755,3515,37.5,37.5,69.8,69.8
658,2024,"Toyota","RAV4","Limited","Limited","limited","limited","SUV","all wheel drive","all wheel drive",,"","",40030,38380,0,0,219,203,39,28,3805,3640,37.5,37.5,69.8,69.8
659,2025,"Toyota","RAV4","LE","LE","le","le","SUV","all wheel drive","all wheel drive",,"","",32850,31200,0,0,219,203,39,30,3690,3490,37.5,37.5,69.8,69.8
660,2025,"Toyota","RAV4","XLE Premium","XLE Premium","xle premium","xle premium","SUV","all wheel drive","all wheel drive",,"","",37250,35600,0,0,219,203,39,29,3755,3515,37.5,37.5,69.8,69.8
661,2025,"Toyota","RAV4","Limited","Limited","limited","limited","SUV","all wheel drive","all wheel drive",,"","",41155,39505,0,0,219,203,39,28,3800,3640,37.5,37.5,69.8,69.8
662,2025,"Toyota","RAV4","XLE","XLE","xle","xle","SUV","all wheel drive","all wheel drive",,"","",34360,32710,0,0,219,203,39,29,3775,3515,37.5,37.5,69.8,69.8
663,2024,"Toyota","Tacoma","TRD Sport","TRD Sport","trd sport","trd sport","Truck (Double Cab)","four wheel drive","four wheel drive",5,"","",46300,42600,0,0,326,278,,20,5045,4485,,,,
664,2024,"Toyota","Tacoma","TRD Off-Road","TRD Off-Road","trd off road","trd off road","Truck (Double Cab)","four wheel drive","four wheel drive",5,"","",46600,42900,0,0,326,278,,21,5030,4485,,,,
665,2024,"Toyota","Tacoma","Limited","Limited","limited","limited","Truck (Double Cab)","four wheel drive","four wheel drive",5,"","",55800,52100,0,0,326,278,,21,5170,4485,,,,
666,2025,"Toyota","Tacoma","Limited","Limited","limited","limited","Truck (Double Cab)","four wheel drive","four wheel drive",5,"","",56280,52955,0,0,326,278,23,21,5170,4715,,,,
667,2025,"Toyota","Tacoma","TRD Sport","TRD Sport","trd sport","trd sport","Truck (Double Cab)","four wheel drive","four wheel drive",5,"","",46720,43000,0,0,326,278,23,21,5045,4575,,,,
668,2025,"Toyota","Tacoma","TRD Off-Road","TRD Off-Road","trd off road","trd off road","Truck (Double Cab)","four wheel drive","four wheel drive",5,"","",47020,43300,0,0,326,278,23,21,5030,4630,,,,
669,2026,"Toyota","Tacoma","TRD Off-Road","TRD Off-Road","trd off road","trd off road","Truck (Double Cab)","four wheel drive","four wheel drive",5,"","",47335,43615,0,0,326,278,23,21,5030,4630,,,,
670,2026,"Toyota","Tacoma","TRD Sport","TRD Sport","trd sport","trd sport","Truck (Double Cab)","four wheel drive","four wheel drive",5,"","",47035,43315,0,0,326,278,23,21,5045,4575,,,,
671,2026,"Toyota","Tacoma","Limited","Limited","limited","limited","Truck (Double Cab)","four wheel drive","four wheel drive",5,"","",56595,53270,0,0,326,278,23,21,5170,4715,,,,
672,2022,"Toyota","Tundra","1794 Edition","1794 Edition","1794 edition","1794 edition","Truck (CrewMax)","four wheel drive","four wheel drive",6.5,"6.5' Bed","6.5' Bed",65120,61720,0,0,437,389,20,19,6185,5800,,,,
673,2022,"Toyota","Tundra","Platinum","Platinum","platinum","platinum","Truck (CrewMax)","four wheel drive","four wheel drive",6.5,"6.5' Bed","6.5' Bed",64420,61020,0,0,437,389,20,19,6185,5800,,,,
674,2022,"Toyota","Tundra","Limited","Limited","limited","limited","Truck (CrewMax)","four wheel drive","four wheel drive",6.5,"6.5' Bed","6.5' Bed",56330,52930,0,0,437,389,20,19,6095,5720,,,,
675,2022,"Toyota","Tundra","1794 Edition","1794 Edition","1794 edition","1794 edition","Truck (CrewMax)","four wheel drive","four wheel drive",5.5,"5.5' Bed","5.5' Bed",64790,61390,0,0,437,389,20,19,6095,5620,,,,
676,2022,"Toyota","Tundra","1794 Edition","1794 Edition","1794 edition","1794 edition","Truck (CrewMax)","rear wheel drive","rear wheel drive",6.5,"6.5' Bed","6.5' Bed",62120,58720,0,0,437,389,22,20,5865,5535,,,,
677,2022,"Toyota","Tundra","Platinum","Platinum","platinum","platinum","Truck (CrewMax)","four wheel drive","four wheel drive",5.5,"5.5' Bed","5.5' Bed",64090,60690,0,0,437,389,20,19,6095,5620,,,,
678,2022,"Toyota","Tundra","Platinum","Platinum","platinum","platinum","Truck (CrewMax)","rear wheel drive","rear wheel drive",6.5,"6.5' Bed","6.5' Bed",61420,58020,0,0,437,389,22,20,5865,5535,,,,
679,2022,"Toyota","Tundra","Limited","Limited","limited","limited","Truck (CrewMax)","rear wheel drive","rear wheel drive",6.5,"6.5' Bed","6.5' Bed",53330,49930,0,0,437,389,22,20,5785,5465,,,,
680,2022,"Toyota","Tundra","Limited","Limited","limited","limited","Truck (CrewMax)","four wheel drive","four wheel drive",5.5,"5.5' Bed","5.5' Bed",56000,52600,0,0,437,389,20,19,6010,5490,,,,
681,2022,"Toyota","Tundra","1794 Edition","1794 Edition","1794 edition","1794 edition","Truck (CrewMax)","rear wheel drive","rear wheel drive",5.5,"5.5' Bed","5.5' Bed",61790,58390,0,0,437,389,22,20,5800,5325,,,,
682,2022,"Toyota","Tundra","Platinum","Platinum","platinum","platinum","Truck (CrewMax)","rear wheel drive","rear wheel drive",5.5,"5.5' Bed","5.5' Bed",61090,57690,0,0,437,389,22,20,5800,5325,,,,
683,2022,"Toyota","Tundra","Limited","Limited","limited","limited","Truck (CrewMax)","rear wheel drive","rear wheel drive",5.5,"5.5' Bed","5.5' Bed",53000,49600,0,0,437,389,22,20,5710,5245,,,,
684,2023,"Toyota","Tundra","Limited","Limited","limited","limited","Truck (CrewMax)","rear wheel drive","rear wheel drive",5.5,"5.5' Bed","5.5' Bed",56415,52615,0,0,437,389,22,20,5710,5245,,,,
685,2023,"Toyota","Tundra","Platinum","Platinum","platinum","platinum","Truck (CrewMax)","rear wheel drive","rear wheel drive",5.5,"5.5' Bed","5.5' Bed",64505,60775,0,0,437,389,22,20,5800,5325,,,,
686,2023,"Toyota","Tundra","1794 Edition","1794 Edition","1794 edition","1794 edition","Truck (CrewMax)","rear wheel drive","rear wheel drive",5.5,"5.5' Bed","5.5' Bed",65205,61460,0,0,437,389,22,20,5800,5325,,,,
687,2023,"Toyota","Tundra","Limited","Limited","limited","limited","Truck (CrewMax)","rear wheel drive","rear wheel drive",6.5,"6.5' Bed","6.5' Bed",56745,52945,0,0,437,389,22,20,5785,5465,,,,
688,2023,"Toyota","Tundra","Platinum","Platinum","platinum","platinum","Truck (CrewMax)","rear wheel drive","rear wheel drive",6.5,"6.5' Bed","6.5' Bed",64835,61105,0,0,437,389,22,20,5865,5535,,,,
689,2023,"Toyota","Tundra","1794 Edition","1794 Edition","1794 edition","1794 edition","Truck (CrewMax)","rear wheel drive","rear wheel drive",6.5,"6.5' Bed","6.5' Bed",65535,61790,0,0,437,389,22,20,5865,5535,,,,
690,2023,"Toyota","Tundra","Limited","Limited","limited","limited","Truck (CrewMax)","four wheel drive","four wheel drive",5.5,"5.5' Bed","5.5' Bed",59415,55615,0,0,437,389,20,19,6010,5490,,,,
691,2023,"Toyota","Tundra","Platinum","Platinum","platinum","platinum","Truck (CrewMax)","four wheel drive","four wheel drive",5.5,"5.5' Bed","5.5' Bed",67505,63775,0,0,437,389,20,19,6095,5620,,,,
692,2023,"Toyota","Tundra","1794 Edition","1794 Edition","1794 edition","1794 edition","Truck (CrewMax)","four wheel drive","four wheel drive",5.5,"5.5' Bed","5.5' Bed",68205,64460,0,0,437,389,20,19,6095,5620,,,,
693,2023,"Toyota","Tundra","Limited","Limited","limited","limited","Truck (CrewMax)","four wheel drive","four wheel drive",6.5,"6.5' Bed","6.5' Bed",59745,55945,0,0,437,389,20,19,6095,5720,,,,
694,2023,"Toyota","Tundra","Platinum","Platinum","platinum","platinum","Truck (CrewMax)","four wheel drive","four wheel drive",6.5,"6.5' Bed","6.5' Bed",67835,64105,0,0,437,389,20,19,6185,5800,,,,
695,2023,"Toyota","Tundra","1794 Edition","1794 Edition","1794 edition","1794 edition","Truck (CrewMax)","four wheel drive","four wheel drive",6.5,"6.5' Bed","6.5' Bed",68535,64790,0,0,437,389,20,19,6185,5800,,,,
696,2024,"Toyota","Tundra","1794 Edition","1794 Edition","1794 edition","1794 edition","Truck (CrewMax)","rear wheel drive","rear wheel drive",6.5,"6.5' Bed","6.5' Bed",66735,62790,0,0,437,389,22,20,5865,5535,,,,
697,2024,"Toyota","Tundra","Platinum","Platinum","platinum","platinum","Truck (CrewMax)","rear wheel drive","rear wheel drive",6.5,"6.5' Bed","6.5' Bed",66035,62105,0,0,437,389,22,20,5865,5535,,,,
698,2024,"Toyota","Tundra","Platinum","Platinum","platinum","platinum","Truck (CrewMax)","rear wheel drive","rear wheel drive",5.5,"5.5' Bed","5.5' Bed",65705,61775,0,0,437,389,22,20,5800,5325,,,,
699,2024,"Toyota","Tundra","Limited","Limited","limited","limited","Truck (CrewMax)","rear wheel drive","rear wheel drive",5.5,"5.5' Bed","5.5' Bed",57625,53905,0,0,437,389,22,20,5710,5245,,,,
700,2024,"Toyota","Tundra","Limited","Limited","limited","limited","Truck (CrewMax)","rear wheel drive","rear wheel drive",6.5,"6.5' Bed","6.5' Bed",57955,54235,0,0,437,389,22,20,5785,5465,,,,
701,2024,"Toyota","Tundra","1794 Edition","1794 Edition","1794 edition","1794 edition","Truck (CrewMax)","rear wheel drive","rear wheel drive",5.5,"5.5' Bed","5.5' Bed",66405,62460,0,0,437,389,22,20,5800,5325,,,,
702,2024,"Toyota","Tundra","Platinum","Platinum","platinum","platinum","Truck (CrewMax)","four wheel drive","four wheel drive",5.5,"5.5' Bed","5.5' Bed",68705,64775,0,0,437,389,20,19,6095,5620,,,,
703,2024,"Toyota","Tundra","Limited","Limited","limited","limited","Truck (CrewMax)","four wheel drive","four wheel drive",5.5,"5.5' Bed","5.5' Bed",60625,56905,0,0,437,389,20,19,6010,5490,,,,
704,2024,"Toyota","Tundra","1794 Edition","1794 Edition","1794 edition","1794 edition","Truck (CrewMax)","four wheel drive","four wheel drive",6.5,"6.5' Bed","6.5' Bed",69735,65790,0,0,437,389,20,19,6185,5800,,,,
705,2024,"Toyota","Tundra","Platinum","Platinum","platinum","platinum","Truck (CrewMax)","four wheel drive","four wheel drive",6.5,"6.5' Bed","6.5' Bed",69035,65105,0,0,437,389,20,19,6185,5800,,,,
706,2024,"Toyota","Tundra","1794 Edition","1794 Edition","1794 edition","1794 edition","Truck (CrewMax)","four wheel drive","four wheel drive",5.5,"5.5' Bed","5.5' Bed",69405,65460,0,0,437,389,20,19,6095,5620,,,,
707,2024,"Toyota","Tundra","Limited","Limited","limited","limited","Truck (CrewMax)","four wheel drive","four wheel drive",6.5,"6.5' Bed","6.5' Bed",60955,57235,0,0,437,389,20,19,6095,5720,,,,
708,2025,"Toyota","Tundra","Limited","Limited","limited","limited","Truck (CrewMax)","rear wheel drive","rear wheel drive",5.5,"5.5' Bed","5.5' Bed",58005,54305,0,0,437,389,22,20,5710,5245,,,,
709,2025,"Toyota","Tundra","Platinum","Platinum","platinum","platinum","Truck (CrewMax)","rear wheel drive","rear wheel drive",5.5,"5.5' Bed","5.5' Bed",67585,63675,0,0,437,389,22,20,5800,5325,,,,
710,2025,"Toyota","Tundra","1794 Edition","1794 Edition","1794 edition","1794 edition","Truck (CrewMax)","rear wheel drive","rear wheel drive",5.5,"5.5' Bed","5.5' Bed",68285,64360,0,0,437,389,22,20,5800,5325,,,,
711,2025,"Toyota","Tundra","Limited","Limited","limited","limited","Truck (CrewMax)","rear wheel drive","rear wheel drive",6.5,"6.5' Bed","6.5' Bed",58335,54635,0,0,437,389,22,20,5785,5465,,,,
712,2025,"Toyota","Tundra","Limited","Limited","limited","limited","Truck (CrewMax)","four wheel drive","four wheel drive",5.5,"5.5' Bed","5.5' Bed",61005,57305,0,0,437,389,20,19,6010,5490,,,,
713,2025,"Toyota","Tundra","Platinum","Platinum","platinum","platinum","Truck (CrewMax)","four wheel drive","four wheel drive",5.5,"5.5' Bed","5.5' Bed",70585,66675,0,0,437,389,20,19,6095,5620,,,,
714,2025,"Toyota","Tundra","1794 Edition","1794 Edition","1794 edition","1794 edition","Truck (CrewMax)","four wheel drive","four wheel drive",5.5,"5.5' Bed","5.5' Bed",71285,67360,0,0,437,389,20,19,6095,5620,,,,
715,2025,"Toyota","Tundra","Limited","Limited","limited","limited","Truck (CrewMax)","four wheel drive","four wheel drive",6.5,"6.5' Bed","6.5' Bed",61335,57635,0,0,437,389,20,19,6095,5720,,,,
716,2025,"Toyota","Tundra","Platinum","Platinum","platinum","platinum","Truck (CrewMax)","four wheel drive","four wheel drive",6.5,"6.5' Bed","6.5' Bed",70915,67005,0,0,437,389,20,19,6185,5800,,,,
717,2025,"Toyota","Tundra","1794 Edition","1794 Edition","1794 edition","1794 edition","Truck (CrewMax)","four wheel drive","four wheel drive",6.5,"6.5' Bed","6.5' Bed",71615,67690,0,0,437,389,20,19,6185,5800,,,,
718,2026,"Toyota","Tundra","Limited","Limited","limited","limited","Truck (CrewMax)","rear wheel drive","rear wheel drive",6.5,"6.5' Bed","6.5' Bed",58890,55190,0,0,437,389,22,20,5810,5480,,,,
719,2026,"Toyota","Tundra","Limited","Limited","limited","limited","Truck (CrewMax)","rear wheel drive","rear wheel drive",5.5,"5.5' Bed","5.5' Bed",58560,54860,0,0,437,389,22,20,5745,5355,,,,
720,2026,"Toyota","Tundra","Limited","Limited","limited","limited","Truck (CrewMax)","four wheel drive","four wheel drive",6.5,"6.5' Bed","6.5' Bed",61890,58190,0,0,437,389,20,19,6120,5730,,,,
721,2026,"Toyota","Tundra","Platinum","Platinum","platinum","platinum","Truck (CrewMax)","four wheel drive","four wheel drive",5.5,"5.5' Bed","5.5' Bed",70605,66695,0,0,437,389,20,19,6120,5730,,,,
722,2026,"Toyota","Tundra","1794 Edition","1794 Edition","1794 edition","1794 edition","Truck (CrewMax)","four wheel drive","four wheel drive",5.5,"5.5' Bed","5.5' Bed",71305,67380,0,0,437,389,20,19,6120,5730,,,,
723,2026,"Toyota","Tundra","Limited","Limited","limited","limited","Truck (CrewMax)","four wheel drive","four wheel drive",5.5,"5.5' Bed","5.5' Bed",61560,57860,0,0,437,389,20,19,6010,5590,,,,
724,2026,"Toyota","Tundra","Platinum","Platinum","platinum","platinum","Truck (CrewMax)","four wheel drive","four wheel drive",6.5,"6.5' Bed","6.5' Bed",70935,67025,0,0,437,389,20,19,6205,5830,,,,
725,2026,"Toyota","Tundra","1794 Edition","1794 Edition","1794 edition","1794 edition","Truck (CrewMax)","four wheel drive","four wheel drive",6.5,"6.5' Bed","6.5' Bed",71635,67710,0,0,437,389,20,19,6205,5830,,,,
726,2013,"Volkswagen","Jetta","SEL","SEL","sel","sel","Sedan","front wheel drive","front wheel drive",,"","Navigation",29325,25250,0,0,170,170,45,26,3312,3082,11.3,15.5,,
727,2014,"Volkswagen","Jetta","SEL","SEL","sel","sel","Sedan","front wheel drive","front wheel drive",,"","",30245,25925,0,0,170,170,45,26,3312,3070,11.3,15.5,,
728,2012,"Volkswagen","Touareg","Hybrid","VR6 Executive","vr6 executive","basic","SUV","all wheel drive","all wheel drive",,"","",61995,55095,0,0,380,280,21,19,5135,4711,32.1,32.1,64,64
729,2013,"Volkswagen","Touareg","Hybrid","VR6 Executive","vr6 executive","basic","SUV","all wheel drive","all wheel drive",,"","",62575,55675,0,0,380,280,21,19,5135,4711,32.1,32.1,64,64
730,2014,"Volkswagen","Touareg","Hybrid","V6 Executive","v6 executive","basic","SUV","all wheel drive","all wheel drive",,"","",64745,57935,0,0,380,280,21,19,5135,4711,32.1,32.1,64,64
